-- Member
insert into member (member_id, email, password, nickname, description, image, created_at, modified_at) values (1, 'yessm621@gmail.com', '{noop}test123', 'yessm', 'Nullam sit amet turpis elementum ligula vehicula consequat.', 'http://dummyimage.com/218x100.png/dddddd/000000', '2023-03-17 13:25:06', '2022-09-09 21:32:46');
insert into member (member_id, email, password, nickname, description, image, created_at, modified_at) values (2, 'vondrich1@intel.com', '{noop}xjfI4N', 'Green', 'Nulla justo.', 'http://dummyimage.com/160x100.png/5fa2dd/ffffff', '2023-03-17 13:25:06', '2022-09-09 21:32:46');
insert into member (member_id, email, password, nickname, description, image, created_at, modified_at) values (3, 'jpahler2@dell.com', '{noop}54yJH3EJd', 'Purple', 'Aliquam non mauris.', 'http://dummyimage.com/102x100.png/5fa2dd/ffffff', '2023-03-17 13:25:06', '2022-09-09 21:32:46');
insert into member (member_id, email, password, nickname, description, image, created_at, modified_at) values (4, 'cpavkovic3@slate.com', '{noop}0xVFXrN8qdly', 'Orange', 'Sed accumsan felis.', 'http://dummyimage.com/186x100.png/cc0000/ffffff', '2023-03-17 13:25:06', '2022-09-09 21:32:46');
insert into member (member_id, email, password, nickname, description, image, created_at, modified_at) values (5, 'mranklin4@google.ca', '{noop}aMXXpMcZ', 'Red', 'Integer pede justo, lacinia eget, tincidunt eget, tempus vel, pede.', 'http://dummyimage.com/101x100.png/dddddd/000000', '2023-03-17 13:25:06', '2022-09-09 21:32:46');
insert into member (member_id, email, password, nickname, description, image, created_at, modified_at) values (6, 'fcarnew5@buzzfeed.com', '{noop}hoCe4L', 'Orange', 'Mauris enim leo, rhoncus sed, vestibulum sit amet, cursus id, turpis.', 'http://dummyimage.com/182x100.png/dddddd/000000', '2023-03-17 13:25:06', '2022-09-09 21:32:46');
insert into member (member_id, email, password, nickname, description, image, created_at, modified_at) values (7, 'gchristensen6@technorati.com', '{noop}qgWLH1i4AH', 'Grey', 'Nam ultrices, libero non mattis pulvinar, nulla pede ullamcorper augue, a suscipit nulla elit ac nulla.', 'http://dummyimage.com/250x100.png/5fa2dd/ffffff', '2023-03-17 13:25:06', '2022-09-09 21:32:46');
insert into member (member_id, email, password, nickname, description, image, created_at, modified_at) values (8, 'rohallagan7@stanford.edu', '{noop}m36Pz7oOv', 'Pink', 'Nunc nisl.', 'http://dummyimage.com/150x100.png/dddddd/000000', '2023-03-17 13:25:06', '2022-09-09 21:32:46');
insert into member (member_id, email, password, nickname, description, image, created_at, modified_at) values (9, 'rlabitt8@t.co', '{noop}UBJKYzMrjc', 'Violet', 'Fusce lacus purus, aliquet at, feugiat non, pretium quis, lectus.', 'http://dummyimage.com/227x100.png/ff4444/ffffff', '2023-03-17 13:25:06', '2022-09-09 21:32:46');
insert into member (member_id, email, password, nickname, description, image, created_at, modified_at) values (10, 'bstallebrass9@cdc.gov', '{noop}NKIpnid', 'Orange', 'Cum sociis natoque penatibus et magnis dis parturient montes, nascetur ridiculus mus.', 'http://dummyimage.com/164x100.png/cc0000/ffffff', '2023-03-17 13:25:06', '2022-09-09 21:32:46');


-- Board
insert into board (board_id, member_id, title, image, created_at, modified_at) values (1, 4, 'Morbi odio odio, elementum eu, interdum eu, tincidunt in, leo.', 'http://dummyimage.com/207x298.png/dddddd/000000', '2023-03-07 23:05:01', '2023-03-23 14:38:56');
insert into board (board_id, member_id, title, image, created_at, modified_at) values (2, 8, 'Quisque id justo sit amet sapien dignissim vestibulum.', 'http://dummyimage.com/240x227.png/5fa2dd/ffffff', '2022-10-25 11:16:05', '2023-02-26 20:34:11');
insert into board (board_id, member_id, title, image, created_at, modified_at) values (3, 6, 'Maecenas ut massa quis augue luctus tincidunt.', 'http://dummyimage.com/290x231.png/dddddd/000000', '2023-05-03 19:37:18', '2022-07-26 14:08:15');
insert into board (board_id, member_id, title, image, created_at, modified_at) values (4, 10, 'Proin at turpis a pede posuere nonummy.', 'http://dummyimage.com/214x237.png/cc0000/ffffff', '2022-05-20 09:20:53', '2022-06-16 01:18:36');
insert into board (board_id, member_id, title, image, created_at, modified_at) values (5, 4, 'Proin at turpis a pede posuere nonummy.', 'http://dummyimage.com/282x297.png/ff4444/ffffff', '2022-11-04 14:15:06', '2022-11-15 01:58:26');
insert into board (board_id, member_id, title, image, created_at, modified_at) values (6, 3, 'Ut at dolor quis odio consequat varius.', 'http://dummyimage.com/236x244.png/dddddd/000000', '2022-12-27 22:23:20', '2022-10-20 19:33:12');
insert into board (board_id, member_id, title, image, created_at, modified_at) values (7, 3, 'Vestibulum ante ipsum primis in faucibus orci luctus et ultrices posuere cubilia Curae; Duis faucibus accumsan odio.', 'http://dummyimage.com/221x201.png/dddddd/000000', '2022-10-04 09:11:32', '2022-10-29 09:27:05');
insert into board (board_id, member_id, title, image, created_at, modified_at) values (8, 2, 'Proin eu mi.', 'http://dummyimage.com/278x203.png/ff4444/ffffff', '2022-11-27 16:32:33', '2023-02-19 05:18:04');
insert into board (board_id, member_id, title, image, created_at, modified_at) values (9, 10, 'Quisque arcu libero, rutrum ac, lobortis vel, dapibus at, diam.', 'http://dummyimage.com/298x212.png/ff4444/ffffff', '2022-08-18 22:55:06', '2022-09-23 22:19:07');
insert into board (board_id, member_id, title, image, created_at, modified_at) values (10, 2, 'Praesent blandit lacinia erat.', 'http://dummyimage.com/285x247.png/cc0000/ffffff', '2022-09-11 21:02:05', '2022-12-11 12:24:26');
insert into board (board_id, member_id, title, image, created_at, modified_at) values (11, 1, 'Etiam pretium iaculis justo.', 'http://dummyimage.com/204x241.png/cc0000/ffffff', '2022-10-14 13:18:12', '2022-05-21 09:28:51');
insert into board (board_id, member_id, title, image, created_at, modified_at) values (12, 2, 'Vivamus vel nulla eget eros elementum pellentesque.', 'http://dummyimage.com/259x213.png/ff4444/ffffff', '2022-12-04 14:00:51', '2022-11-05 22:11:14');
insert into board (board_id, member_id, title, image, created_at, modified_at) values (13, 7, 'Morbi vel lectus in quam fringilla rhoncus.', 'http://dummyimage.com/236x217.png/ff4444/ffffff', '2022-10-17 09:56:53', '2022-08-28 11:15:35');
insert into board (board_id, member_id, title, image, created_at, modified_at) values (14, 6, 'Vestibulum ante ipsum primis in faucibus orci luctus et ultrices posuere cubilia Curae; Donec pharetra, magna vestibulum aliquet ultrices, erat tortor sollicitudin mi, sit amet lobortis sapien sapien non mi.', 'http://dummyimage.com/289x242.png/5fa2dd/ffffff', '2023-03-22 19:03:06', '2023-01-06 18:09:54');
insert into board (board_id, member_id, title, image, created_at, modified_at) values (15, 5, 'Cras non velit nec nisi vulputate nonummy.', 'http://dummyimage.com/271x295.png/5fa2dd/ffffff', '2022-10-27 00:39:05', '2022-05-18 16:22:51');
insert into board (board_id, member_id, title, image, created_at, modified_at) values (16, 8, 'Cras mi pede, malesuada in, imperdiet et, commodo vulputate, justo.', 'http://dummyimage.com/287x295.png/5fa2dd/ffffff', '2022-10-26 08:17:54', '2022-12-22 12:45:53');
insert into board (board_id, member_id, title, image, created_at, modified_at) values (17, 1, 'Quisque id justo sit amet sapien dignissim vestibulum.', 'http://dummyimage.com/216x274.png/cc0000/ffffff', '2022-07-27 11:36:31', '2023-03-27 16:21:23');
insert into board (board_id, member_id, title, image, created_at, modified_at) values (18, 1, 'Vestibulum ante ipsum primis in faucibus orci luctus et ultrices posuere cubilia Curae; Mauris viverra diam vitae quam.', 'http://dummyimage.com/244x218.png/ff4444/ffffff', '2023-04-09 22:28:20', '2022-09-17 00:42:47');
insert into board (board_id, member_id, title, image, created_at, modified_at) values (19, 9, 'Nullam sit amet turpis elementum ligula vehicula consequat.', 'http://dummyimage.com/206x242.png/ff4444/ffffff', '2023-04-23 15:04:07', '2022-05-25 19:30:59');
insert into board (board_id, member_id, title, image, created_at, modified_at) values (20, 2, 'Vestibulum ante ipsum primis in faucibus orci luctus et ultrices posuere cubilia Curae; Donec pharetra, magna vestibulum aliquet ultrices, erat tortor sollicitudin mi, sit amet lobortis sapien sapien non mi.', 'http://dummyimage.com/256x290.png/5fa2dd/ffffff', '2023-04-02 21:54:35', '2023-02-23 06:19:19');
insert into board (board_id, member_id, title, image, created_at, modified_at) values (21, 8, 'Fusce lacus purus, aliquet at, feugiat non, pretium quis, lectus.', 'http://dummyimage.com/278x268.png/cc0000/ffffff', '2022-11-28 23:33:34', '2022-12-19 13:03:57');
insert into board (board_id, member_id, title, image, created_at, modified_at) values (22, 9, 'Sed accumsan felis.', 'http://dummyimage.com/246x222.png/5fa2dd/ffffff', '2022-07-21 22:24:41', '2022-07-01 05:37:54');
insert into board (board_id, member_id, title, image, created_at, modified_at) values (23, 3, 'Nam ultrices, libero non mattis pulvinar, nulla pede ullamcorper augue, a suscipit nulla elit ac nulla.', 'http://dummyimage.com/231x211.png/5fa2dd/ffffff', '2023-04-03 07:52:08', '2023-05-08 04:08:11');
insert into board (board_id, member_id, title, image, created_at, modified_at) values (24, 2, 'Sed ante.', 'http://dummyimage.com/201x292.png/5fa2dd/ffffff', '2023-01-02 18:46:23', '2022-09-04 14:45:09');
insert into board (board_id, member_id, title, image, created_at, modified_at) values (25, 9, 'Integer non velit.', 'http://dummyimage.com/280x223.png/dddddd/000000', '2023-02-24 12:59:10', '2022-12-30 16:43:50');
insert into board (board_id, member_id, title, image, created_at, modified_at) values (26, 4, 'Duis bibendum, felis sed interdum venenatis, turpis enim blandit mi, in porttitor pede justo eu massa.', 'http://dummyimage.com/267x290.png/5fa2dd/ffffff', '2022-06-27 16:45:03', '2022-07-21 12:01:32');
insert into board (board_id, member_id, title, image, created_at, modified_at) values (27, 4, 'Morbi ut odio.', 'http://dummyimage.com/246x205.png/dddddd/000000', '2022-09-17 14:02:55', '2022-09-12 11:48:53');
insert into board (board_id, member_id, title, image, created_at, modified_at) values (28, 5, 'In tempor, turpis nec euismod scelerisque, quam turpis adipiscing lorem, vitae mattis nibh ligula nec sem.', 'http://dummyimage.com/222x297.png/ff4444/ffffff', '2022-12-29 05:37:06', '2023-02-18 22:06:08');
insert into board (board_id, member_id, title, image, created_at, modified_at) values (29, 5, 'Proin eu mi.', 'http://dummyimage.com/204x281.png/dddddd/000000', '2023-05-03 21:04:43', '2022-08-28 22:12:26');
insert into board (board_id, member_id, title, image, created_at, modified_at) values (30, 6, 'Nullam orci pede, venenatis non, sodales sed, tincidunt eu, felis.', 'http://dummyimage.com/245x226.png/ff4444/ffffff', '2022-07-20 17:20:31', '2022-11-30 10:46:56');
insert into board (board_id, member_id, title, image, created_at, modified_at) values (31, 4, 'Morbi sem mauris, laoreet ut, rhoncus aliquet, pulvinar sed, nisl.', 'http://dummyimage.com/276x215.png/cc0000/ffffff', '2023-02-20 01:18:42', '2023-04-07 16:21:18');
insert into board (board_id, member_id, title, image, created_at, modified_at) values (32, 3, 'Etiam faucibus cursus urna.', 'http://dummyimage.com/296x219.png/dddddd/000000', '2022-08-14 20:05:13', '2022-08-24 23:36:37');
insert into board (board_id, member_id, title, image, created_at, modified_at) values (33, 2, 'Pellentesque viverra pede ac diam.', 'http://dummyimage.com/217x202.png/cc0000/ffffff', '2023-04-28 03:38:37', '2022-05-22 23:40:37');
insert into board (board_id, member_id, title, image, created_at, modified_at) values (34, 9, 'Pellentesque ultrices mattis odio.', 'http://dummyimage.com/216x266.png/5fa2dd/ffffff', '2023-01-23 23:17:21', '2022-07-29 03:28:40');
insert into board (board_id, member_id, title, image, created_at, modified_at) values (35, 2, 'Etiam pretium iaculis justo.', 'http://dummyimage.com/262x289.png/cc0000/ffffff', '2023-01-19 14:46:07', '2022-09-04 00:22:52');
insert into board (board_id, member_id, title, image, created_at, modified_at) values (36, 7, 'In hac habitasse platea dictumst.', 'http://dummyimage.com/273x221.png/cc0000/ffffff', '2022-11-15 02:28:06', '2023-04-08 01:08:06');
insert into board (board_id, member_id, title, image, created_at, modified_at) values (37, 8, 'Quisque id justo sit amet sapien dignissim vestibulum.', 'http://dummyimage.com/271x222.png/dddddd/000000', '2022-07-30 11:04:44', '2022-07-05 13:50:55');
insert into board (board_id, member_id, title, image, created_at, modified_at) values (38, 7, 'Morbi vestibulum, velit id pretium iaculis, diam erat fermentum justo, nec condimentum neque sapien placerat ante.', 'http://dummyimage.com/261x237.png/ff4444/ffffff', '2022-05-28 12:07:58', '2022-10-22 21:51:26');
insert into board (board_id, member_id, title, image, created_at, modified_at) values (39, 1, 'Nullam sit amet turpis elementum ligula vehicula consequat.', 'http://dummyimage.com/297x215.png/dddddd/000000', '2022-08-20 09:43:34', '2022-07-02 03:47:00');
insert into board (board_id, member_id, title, image, created_at, modified_at) values (40, 6, 'Nullam varius.', 'http://dummyimage.com/272x286.png/5fa2dd/ffffff', '2022-11-15 22:06:24', '2022-08-18 21:52:45');
insert into board (board_id, member_id, title, image, created_at, modified_at) values (41, 5, 'Praesent id massa id nisl venenatis lacinia.', 'http://dummyimage.com/207x226.png/dddddd/000000', '2022-11-29 20:59:40', '2022-08-04 11:52:40');
insert into board (board_id, member_id, title, image, created_at, modified_at) values (42, 9, 'Duis bibendum.', 'http://dummyimage.com/200x265.png/cc0000/ffffff', '2022-11-03 05:27:25', '2022-09-13 08:42:54');
insert into board (board_id, member_id, title, image, created_at, modified_at) values (43, 10, 'Maecenas ut massa quis augue luctus tincidunt.', 'http://dummyimage.com/297x249.png/5fa2dd/ffffff', '2022-11-24 07:47:05', '2023-03-14 20:51:14');
insert into board (board_id, member_id, title, image, created_at, modified_at) values (44, 8, 'Integer ac leo.', 'http://dummyimage.com/248x228.png/dddddd/000000', '2022-10-27 03:49:21', '2022-08-14 01:37:10');
insert into board (board_id, member_id, title, image, created_at, modified_at) values (45, 10, 'Integer ac leo.', 'http://dummyimage.com/205x295.png/dddddd/000000', '2022-08-08 10:20:15', '2022-06-20 10:28:37');
insert into board (board_id, member_id, title, image, created_at, modified_at) values (46, 8, 'Cum sociis natoque penatibus et magnis dis parturient montes, nascetur ridiculus mus.', 'http://dummyimage.com/251x219.png/dddddd/000000', '2022-12-30 21:43:18', '2022-06-27 19:29:55');
insert into board (board_id, member_id, title, image, created_at, modified_at) values (47, 5, 'Donec ut dolor.', 'http://dummyimage.com/251x204.png/5fa2dd/ffffff', '2023-01-21 07:38:55', '2022-12-07 08:49:08');
insert into board (board_id, member_id, title, image, created_at, modified_at) values (48, 1, 'Donec dapibus.', 'http://dummyimage.com/285x294.png/ff4444/ffffff', '2022-12-06 19:04:49', '2022-12-27 21:32:51');
insert into board (board_id, member_id, title, image, created_at, modified_at) values (49, 10, 'Vestibulum quam sapien, varius ut, blandit non, interdum in, ante.', 'http://dummyimage.com/272x289.png/cc0000/ffffff', '2022-12-14 01:59:54', '2023-04-07 14:46:02');
insert into board (board_id, member_id, title, image, created_at, modified_at) values (50, 5, 'Nunc purus.', 'http://dummyimage.com/276x252.png/ff4444/ffffff', '2022-12-29 09:59:33', '2023-03-15 18:25:39');


-- Article
insert into article (article_id, member_id, board_id, title, content, image, hashtag, created_at, modified_at) values (1, 4, 16, 'Nulla neque libero, convallis eget, eleifend luctus, ultricies eu, nibh.', 'Quisque erat eros, viverra eget, congue eget, semper rutrum, nulla.', 'http://dummyimage.com/565x535.png/ff4444/ffffff', '#Turquoise', '2023-01-07 02:11:31', '2022-09-20 03:22:09');
insert into article (article_id, member_id, board_id, title, content, image, hashtag, created_at, modified_at) values (2, 8, 26, 'Pellentesque ultrices mattis odio.', 'Phasellus in felis.', 'http://dummyimage.com/440x423.png/5fa2dd/ffffff', '#Purple', '2023-01-10 18:23:38', '2022-10-20 18:27:38');
insert into article (article_id, member_id, board_id, title, content, image, hashtag, created_at, modified_at) values (3, 8, 22, 'Vestibulum quam sapien, varius ut, blandit non, interdum in, ante.', 'Morbi vel lectus in quam fringilla rhoncus.', 'http://dummyimage.com/663x485.png/5fa2dd/ffffff', '#Orange', '2023-03-30 14:57:58', '2023-04-23 07:32:13');
insert into article (article_id, member_id, board_id, title, content, image, hashtag, created_at, modified_at) values (4, 2, 27, 'Aenean sit amet justo.', 'Sed accumsan felis.', 'http://dummyimage.com/635x516.png/ff4444/ffffff', '#Fuscia', '2023-02-02 16:55:37', '2022-12-24 17:41:47');
insert into article (article_id, member_id, board_id, title, content, image, hashtag, created_at, modified_at) values (5, 3, 30, 'Nullam molestie nibh in lectus.', 'Pellentesque at nulla.', 'http://dummyimage.com/679x564.png/cc0000/ffffff', '#Purple', '2023-05-08 10:00:12', '2022-12-01 11:50:06');
insert into article (article_id, member_id, board_id, title, content, image, hashtag, created_at, modified_at) values (6, 4, 37, 'Nullam porttitor lacus at turpis.', 'Nam dui.', 'http://dummyimage.com/623x630.png/cc0000/ffffff', null, '2022-12-09 09:46:19', '2022-07-13 14:08:34');
insert into article (article_id, member_id, board_id, title, content, image, hashtag, created_at, modified_at) values (7, 5, 8, 'Quisque id justo sit amet sapien dignissim vestibulum.', 'Phasellus id sapien in sapien iaculis congue.', 'http://dummyimage.com/445x429.png/dddddd/000000', '#Turquoise', '2022-07-18 17:41:42', '2022-11-25 02:25:51');
insert into article (article_id, member_id, board_id, title, content, image, hashtag, created_at, modified_at) values (8, 4, 46, 'In hac habitasse platea dictumst.', 'Mauris ullamcorper purus sit amet nulla.', 'http://dummyimage.com/547x658.png/cc0000/ffffff', '#Goldenrod', '2022-07-08 14:19:27', '2022-08-20 12:03:49');
insert into article (article_id, member_id, board_id, title, content, image, hashtag, created_at, modified_at) values (9, 2, 22, 'In quis justo.', 'In tempor, turpis nec euismod scelerisque, quam turpis adipiscing lorem, vitae mattis nibh ligula nec sem.', 'http://dummyimage.com/449x431.png/dddddd/000000', '#Puce', '2023-04-27 14:51:03', '2022-10-15 19:36:19');
insert into article (article_id, member_id, board_id, title, content, image, hashtag, created_at, modified_at) values (10, 5, 50, 'Proin interdum mauris non ligula pellentesque ultrices.', 'Curabitur gravida nisi at nibh.', 'http://dummyimage.com/506x648.png/5fa2dd/ffffff', null, '2022-06-05 18:53:59', '2022-07-10 05:05:06');
insert into article (article_id, member_id, board_id, title, content, image, hashtag, created_at, modified_at) values (11, 8, 16, 'Praesent blandit lacinia erat.', 'Vestibulum ante ipsum primis in faucibus orci luctus et ultrices posuere cubilia Curae; Nulla dapibus dolor vel est.', 'http://dummyimage.com/665x445.png/ff4444/ffffff', '#Puce', '2022-05-30 23:03:35', '2022-07-14 07:40:40');
insert into article (article_id, member_id, board_id, title, content, image, hashtag, created_at, modified_at) values (12, 7, 33, 'Donec vitae nisi.', 'Etiam vel augue.', 'http://dummyimage.com/516x414.png/dddddd/000000', '#Maroon', '2023-05-11 00:14:12', '2023-03-11 08:17:35');
insert into article (article_id, member_id, board_id, title, content, image, hashtag, created_at, modified_at) values (13, 10, 15, 'Etiam justo.', 'Vestibulum ante ipsum primis in faucibus orci luctus et ultrices posuere cubilia Curae; Nulla dapibus dolor vel est.', 'http://dummyimage.com/538x679.png/cc0000/ffffff', null, '2022-09-13 06:14:49', '2023-01-17 04:33:09');
insert into article (article_id, member_id, board_id, title, content, image, hashtag, created_at, modified_at) values (14, 10, 8, 'Nunc purus.', 'Etiam pretium iaculis justo.', 'http://dummyimage.com/427x566.png/dddddd/000000', '#Yellow', '2022-09-11 23:21:05', '2022-10-16 17:47:18');
insert into article (article_id, member_id, board_id, title, content, image, hashtag, created_at, modified_at) values (15, 3, 13, 'In eleifend quam a odio.', 'Morbi sem mauris, laoreet ut, rhoncus aliquet, pulvinar sed, nisl.', 'http://dummyimage.com/693x500.png/5fa2dd/ffffff', null, '2022-07-23 12:46:23', '2023-01-28 13:52:34');
insert into article (article_id, member_id, board_id, title, content, image, hashtag, created_at, modified_at) values (16, 3, 28, 'Quisque porta volutpat erat.', 'Suspendisse ornare consequat lectus.', 'http://dummyimage.com/555x503.png/5fa2dd/ffffff', null, '2022-12-28 01:55:54', '2023-02-16 02:27:52');
insert into article (article_id, member_id, board_id, title, content, image, hashtag, created_at, modified_at) values (17, 4, 28, 'Nullam orci pede, venenatis non, sodales sed, tincidunt eu, felis.', 'Maecenas pulvinar lobortis est.', 'http://dummyimage.com/648x441.png/cc0000/ffffff', null, '2022-11-30 11:39:46', '2022-10-31 12:31:49');
insert into article (article_id, member_id, board_id, title, content, image, hashtag, created_at, modified_at) values (18, 4, 38, 'Nulla ut erat id mauris vulputate elementum.', 'Lorem ipsum dolor sit amet, consectetuer adipiscing elit.', 'http://dummyimage.com/673x511.png/5fa2dd/ffffff', null, '2023-03-14 18:05:37', '2023-01-29 02:57:54');
insert into article (article_id, member_id, board_id, title, content, image, hashtag, created_at, modified_at) values (19, 10, 28, 'Integer ac leo.', 'Fusce consequat.', 'http://dummyimage.com/641x418.png/ff4444/ffffff', '#Puce', '2022-07-25 14:27:05', '2023-04-19 14:13:07');
insert into article (article_id, member_id, board_id, title, content, image, hashtag, created_at, modified_at) values (20, 2, 3, 'Nulla suscipit ligula in lacus.', 'Praesent blandit lacinia erat.', 'http://dummyimage.com/480x503.png/ff4444/ffffff', '#Crimson', '2022-10-26 04:19:29', '2022-06-20 08:26:59');
insert into article (article_id, member_id, board_id, title, content, image, hashtag, created_at, modified_at) values (21, 4, 12, 'Sed accumsan felis.', 'Quisque erat eros, viverra eget, congue eget, semper rutrum, nulla.', 'http://dummyimage.com/645x503.png/dddddd/000000', '#Mauv', '2022-12-09 06:02:23', '2022-11-29 03:04:23');
insert into article (article_id, member_id, board_id, title, content, image, hashtag, created_at, modified_at) values (22, 4, 40, 'Proin leo odio, porttitor id, consequat in, consequat ut, nulla.', 'Nullam molestie nibh in lectus.', 'http://dummyimage.com/408x568.png/dddddd/000000', '#Puce', '2022-09-15 01:06:36', '2022-10-21 04:56:05');
insert into article (article_id, member_id, board_id, title, content, image, hashtag, created_at, modified_at) values (23, 3, 22, 'In hac habitasse platea dictumst.', 'Nulla justo.', 'http://dummyimage.com/664x600.png/dddddd/000000', '#Puce', '2022-05-20 23:22:49', '2022-07-30 10:47:34');
insert into article (article_id, member_id, board_id, title, content, image, hashtag, created_at, modified_at) values (24, 3, 36, 'Suspendisse potenti.', 'Fusce congue, diam id ornare imperdiet, sapien urna pretium nisl, ut volutpat sapien arcu sed augue.', 'http://dummyimage.com/539x502.png/dddddd/000000', '#Red', '2022-07-24 17:15:48', '2023-04-06 17:59:32');
insert into article (article_id, member_id, board_id, title, content, image, hashtag, created_at, modified_at) values (25, 5, 11, 'Quisque porta volutpat erat.', 'Integer tincidunt ante vel ipsum.', 'http://dummyimage.com/418x647.png/ff4444/ffffff', '#Teal', '2022-06-02 22:35:17', '2023-03-27 02:23:54');
insert into article (article_id, member_id, board_id, title, content, image, hashtag, created_at, modified_at) values (26, 2, 50, 'In congue.', 'Phasellus sit amet erat.', 'http://dummyimage.com/589x459.png/5fa2dd/ffffff', null, '2022-05-16 15:04:41', '2023-02-22 17:52:20');
insert into article (article_id, member_id, board_id, title, content, image, hashtag, created_at, modified_at) values (27, 6, 23, 'Maecenas tincidunt lacus at velit.', 'Phasellus sit amet erat.', 'http://dummyimage.com/680x488.png/dddddd/000000', null, '2022-05-30 21:16:32', '2022-10-03 15:16:19');
insert into article (article_id, member_id, board_id, title, content, image, hashtag, created_at, modified_at) values (28, 9, 17, 'Nullam molestie nibh in lectus.', 'Morbi ut odio.', 'http://dummyimage.com/410x653.png/cc0000/ffffff', null, '2023-03-18 13:04:23', '2022-09-03 08:30:03');
insert into article (article_id, member_id, board_id, title, content, image, hashtag, created_at, modified_at) values (29, 9, 16, 'In tempor, turpis nec euismod scelerisque, quam turpis adipiscing lorem, vitae mattis nibh ligula nec sem.', 'Nulla ut erat id mauris vulputate elementum.', 'http://dummyimage.com/688x515.png/ff4444/ffffff', '#Aquamarine', '2023-05-11 05:14:33', '2023-02-20 10:50:06');
insert into article (article_id, member_id, board_id, title, content, image, hashtag, created_at, modified_at) values (30, 7, 17, 'Nunc rhoncus dui vel sem.', 'In tempor, turpis nec euismod scelerisque, quam turpis adipiscing lorem, vitae mattis nibh ligula nec sem.', 'http://dummyimage.com/542x600.png/ff4444/ffffff', '#Mauv', '2023-03-24 16:03:51', '2023-01-01 00:43:43');
insert into article (article_id, member_id, board_id, title, content, image, hashtag, created_at, modified_at) values (31, 5, 50, 'Nam congue, risus semper porta volutpat, quam pede lobortis ligula, sit amet eleifend pede libero quis orci.', 'Vivamus vestibulum sagittis sapien.', 'http://dummyimage.com/457x409.png/5fa2dd/ffffff', '#Pink', '2023-02-26 02:45:54', '2023-04-14 20:59:51');
insert into article (article_id, member_id, board_id, title, content, image, hashtag, created_at, modified_at) values (32, 2, 18, 'Morbi ut odio.', 'Duis at velit eu est congue elementum.', 'http://dummyimage.com/692x699.png/ff4444/ffffff', '#Khaki', '2022-06-10 00:43:05', '2022-10-31 08:05:01');
insert into article (article_id, member_id, board_id, title, content, image, hashtag, created_at, modified_at) values (33, 7, 41, 'Suspendisse potenti.', 'Nunc purus.', 'http://dummyimage.com/433x656.png/dddddd/000000', '#Puce', '2022-12-26 07:46:47', '2022-10-16 23:43:36');
insert into article (article_id, member_id, board_id, title, content, image, hashtag, created_at, modified_at) values (34, 10, 7, 'Ut at dolor quis odio consequat varius.', 'In hac habitasse platea dictumst.', 'http://dummyimage.com/409x610.png/dddddd/000000', null, '2022-12-18 05:23:54', '2022-08-11 01:34:20');
insert into article (article_id, member_id, board_id, title, content, image, hashtag, created_at, modified_at) values (35, 5, 11, 'Donec posuere metus vitae ipsum.', 'Phasellus id sapien in sapien iaculis congue.', 'http://dummyimage.com/500x423.png/ff4444/ffffff', '#Yellow', '2022-08-31 13:25:28', '2022-11-15 12:57:32');
insert into article (article_id, member_id, board_id, title, content, image, hashtag, created_at, modified_at) values (36, 4, 11, 'Integer non velit.', 'Cras mi pede, malesuada in, imperdiet et, commodo vulputate, justo.', 'http://dummyimage.com/546x654.png/5fa2dd/ffffff', '#Maroon', '2022-10-31 07:52:12', '2022-10-10 09:27:02');
insert into article (article_id, member_id, board_id, title, content, image, hashtag, created_at, modified_at) values (37, 7, 47, 'Mauris ullamcorper purus sit amet nulla.', 'Integer pede justo, lacinia eget, tincidunt eget, tempus vel, pede.', 'http://dummyimage.com/476x419.png/cc0000/ffffff', '#Purple', '2022-05-31 16:30:47', '2022-12-03 03:06:57');
insert into article (article_id, member_id, board_id, title, content, image, hashtag, created_at, modified_at) values (38, 1, 16, 'Cum sociis natoque penatibus et magnis dis parturient montes, nascetur ridiculus mus.', 'Vivamus in felis eu sapien cursus vestibulum.', 'http://dummyimage.com/553x681.png/dddddd/000000', '#Yellow', '2022-12-27 03:35:54', '2022-05-18 20:09:45');
insert into article (article_id, member_id, board_id, title, content, image, hashtag, created_at, modified_at) values (39, 3, 48, 'Aenean auctor gravida sem.', 'Aliquam non mauris.', 'http://dummyimage.com/586x543.png/cc0000/ffffff', null, '2023-02-14 14:24:10', '2022-11-08 18:33:17');
insert into article (article_id, member_id, board_id, title, content, image, hashtag, created_at, modified_at) values (40, 3, 33, 'Sed ante.', 'Nulla facilisi.', 'http://dummyimage.com/624x697.png/cc0000/ffffff', '#Pink', '2023-01-23 11:25:11', '2022-12-27 11:59:42');
insert into article (article_id, member_id, board_id, title, content, image, hashtag, created_at, modified_at) values (41, 9, 12, 'In blandit ultrices enim.', 'Duis bibendum, felis sed interdum venenatis, turpis enim blandit mi, in porttitor pede justo eu massa.', 'http://dummyimage.com/530x646.png/5fa2dd/ffffff', '#Fuscia', '2023-04-25 08:50:42', '2022-12-03 15:48:20');
insert into article (article_id, member_id, board_id, title, content, image, hashtag, created_at, modified_at) values (42, 1, 4, 'Cras mi pede, malesuada in, imperdiet et, commodo vulputate, justo.', 'Aliquam augue quam, sollicitudin vitae, consectetuer eget, rutrum at, lorem.', 'http://dummyimage.com/526x681.png/5fa2dd/ffffff', null, '2022-12-01 01:00:07', '2023-01-09 15:47:55');
insert into article (article_id, member_id, board_id, title, content, image, hashtag, created_at, modified_at) values (43, 4, 1, 'Morbi sem mauris, laoreet ut, rhoncus aliquet, pulvinar sed, nisl.', 'Integer non velit.', 'http://dummyimage.com/654x537.png/dddddd/000000', '#Crimson', '2022-07-11 20:14:24', '2022-09-03 14:28:09');
insert into article (article_id, member_id, board_id, title, content, image, hashtag, created_at, modified_at) values (44, 6, 1, 'Donec odio justo, sollicitudin ut, suscipit a, feugiat et, eros.', 'Curabitur gravida nisi at nibh.', 'http://dummyimage.com/514x641.png/5fa2dd/ffffff', '#Teal', '2022-05-31 18:50:14', '2022-06-16 01:17:58');
insert into article (article_id, member_id, board_id, title, content, image, hashtag, created_at, modified_at) values (45, 8, 24, 'Duis at velit eu est congue elementum.', 'Vestibulum rutrum rutrum neque.', 'http://dummyimage.com/451x485.png/dddddd/000000', '#Maroon', '2023-04-19 03:02:53', '2022-11-14 04:31:45');
insert into article (article_id, member_id, board_id, title, content, image, hashtag, created_at, modified_at) values (46, 4, 7, 'Nulla tellus.', 'In sagittis dui vel nisl.', 'http://dummyimage.com/587x422.png/cc0000/ffffff', '#Red', '2022-07-20 18:28:01', '2023-02-19 05:40:13');
insert into article (article_id, member_id, board_id, title, content, image, hashtag, created_at, modified_at) values (47, 3, 35, 'Nulla facilisi.', 'Nulla mollis molestie lorem.', 'http://dummyimage.com/616x419.png/dddddd/000000', '#Maroon', '2022-06-17 04:36:50', '2022-09-05 09:54:00');
insert into article (article_id, member_id, board_id, title, content, image, hashtag, created_at, modified_at) values (48, 1, 42, 'Proin eu mi.', 'Morbi vestibulum, velit id pretium iaculis, diam erat fermentum justo, nec condimentum neque sapien placerat ante.', 'http://dummyimage.com/634x405.png/ff4444/ffffff', null, '2022-12-02 09:47:18', '2022-05-31 21:00:53');
insert into article (article_id, member_id, board_id, title, content, image, hashtag, created_at, modified_at) values (49, 1, 25, 'Integer aliquet, massa id lobortis convallis, tortor risus dapibus augue, vel accumsan tellus nisi eu orci.', 'Vivamus in felis eu sapien cursus vestibulum.', 'http://dummyimage.com/638x522.png/ff4444/ffffff', null, '2022-09-23 23:37:40', '2023-04-19 15:58:25');
insert into article (article_id, member_id, board_id, title, content, image, hashtag, created_at, modified_at) values (50, 8, 19, 'Nunc nisl.', 'Duis aliquam convallis nunc.', 'http://dummyimage.com/438x627.png/cc0000/ffffff', '#Green', '2023-03-26 08:11:55', '2023-04-06 03:44:13');
insert into article (article_id, member_id, board_id, title, content, image, hashtag, created_at, modified_at) values (51, 8, 15, 'Morbi non lectus.', 'Mauris ullamcorper purus sit amet nulla.', 'http://dummyimage.com/588x597.png/ff4444/ffffff', '#Yellow', '2023-01-14 02:33:57', '2023-05-08 09:09:20');
insert into article (article_id, member_id, board_id, title, content, image, hashtag, created_at, modified_at) values (52, 10, 1, 'Maecenas rhoncus aliquam lacus.', 'Sed vel enim sit amet nunc viverra dapibus.', 'http://dummyimage.com/614x419.png/5fa2dd/ffffff', '#Teal', '2022-10-01 03:21:07', '2022-09-25 02:12:40');
insert into article (article_id, member_id, board_id, title, content, image, hashtag, created_at, modified_at) values (53, 6, 10, 'Maecenas tristique, est et tempus semper, est quam pharetra magna, ac consequat metus sapien ut nunc.', 'Nam congue, risus semper porta volutpat, quam pede lobortis ligula, sit amet eleifend pede libero quis orci.', 'http://dummyimage.com/461x697.png/dddddd/000000', '#Aquamarine', '2023-02-02 01:35:12', '2022-11-10 13:39:47');
insert into article (article_id, member_id, board_id, title, content, image, hashtag, created_at, modified_at) values (54, 1, 26, 'Aliquam augue quam, sollicitudin vitae, consectetuer eget, rutrum at, lorem.', 'Mauris ullamcorper purus sit amet nulla.', 'http://dummyimage.com/496x533.png/5fa2dd/ffffff', '#Maroon', '2022-07-20 20:15:52', '2022-06-21 21:14:51');
insert into article (article_id, member_id, board_id, title, content, image, hashtag, created_at, modified_at) values (55, 9, 35, 'Pellentesque ultrices mattis odio.', 'Nulla suscipit ligula in lacus.', 'http://dummyimage.com/519x638.png/ff4444/ffffff', '#Violet', '2022-10-21 07:34:40', '2023-04-03 17:56:55');
insert into article (article_id, member_id, board_id, title, content, image, hashtag, created_at, modified_at) values (56, 4, 8, 'Proin interdum mauris non ligula pellentesque ultrices.', 'Donec vitae nisi.', 'http://dummyimage.com/625x511.png/dddddd/000000', null, '2022-11-20 15:26:48', '2022-07-24 20:04:33');
insert into article (article_id, member_id, board_id, title, content, image, hashtag, created_at, modified_at) values (57, 4, 25, 'Vestibulum rutrum rutrum neque.', 'Quisque ut erat.', 'http://dummyimage.com/560x506.png/cc0000/ffffff', '#Maroon', '2022-10-04 07:33:00', '2022-10-15 06:48:08');
insert into article (article_id, member_id, board_id, title, content, image, hashtag, created_at, modified_at) values (58, 8, 24, 'Cras pellentesque volutpat dui.', 'Morbi sem mauris, laoreet ut, rhoncus aliquet, pulvinar sed, nisl.', 'http://dummyimage.com/471x696.png/cc0000/ffffff', '#Orange', '2022-06-01 05:13:01', '2022-08-23 09:35:53');
insert into article (article_id, member_id, board_id, title, content, image, hashtag, created_at, modified_at) values (59, 2, 14, 'Proin eu mi.', 'Aenean fermentum.', 'http://dummyimage.com/519x433.png/ff4444/ffffff', '#Blue', '2023-03-27 02:44:22', '2023-01-09 01:02:58');
insert into article (article_id, member_id, board_id, title, content, image, hashtag, created_at, modified_at) values (60, 7, 15, 'Phasellus id sapien in sapien iaculis congue.', 'In hac habitasse platea dictumst.', 'http://dummyimage.com/456x685.png/ff4444/ffffff', '#Crimson', '2022-11-05 06:37:55', '2022-09-07 11:40:33');
insert into article (article_id, member_id, board_id, title, content, image, hashtag, created_at, modified_at) values (61, 6, 7, 'Vestibulum sed magna at nunc commodo placerat.', 'Cras in purus eu magna vulputate luctus.', 'http://dummyimage.com/647x477.png/ff4444/ffffff', '#Blue', '2023-04-02 00:18:12', '2022-09-28 15:58:50');
insert into article (article_id, member_id, board_id, title, content, image, hashtag, created_at, modified_at) values (62, 10, 5, 'Pellentesque at nulla.', 'Cras pellentesque volutpat dui.', 'http://dummyimage.com/503x633.png/5fa2dd/ffffff', '#Green', '2023-01-26 23:38:28', '2022-09-23 03:54:46');
insert into article (article_id, member_id, board_id, title, content, image, hashtag, created_at, modified_at) values (63, 8, 31, 'Nullam sit amet turpis elementum ligula vehicula consequat.', 'Etiam vel augue.', 'http://dummyimage.com/474x484.png/ff4444/ffffff', null, '2023-04-19 15:53:02', '2022-12-04 15:38:49');
insert into article (article_id, member_id, board_id, title, content, image, hashtag, created_at, modified_at) values (64, 4, 26, 'Duis at velit eu est congue elementum.', 'Donec ut mauris eget massa tempor convallis.', 'http://dummyimage.com/602x422.png/ff4444/ffffff', '#Violet', '2022-09-17 15:16:47', '2023-01-09 22:44:53');
insert into article (article_id, member_id, board_id, title, content, image, hashtag, created_at, modified_at) values (65, 1, 6, 'Nunc rhoncus dui vel sem.', 'Donec quis orci eget orci vehicula condimentum.', 'http://dummyimage.com/492x535.png/ff4444/ffffff', '#Pink', '2022-10-04 14:18:14', '2023-02-08 17:22:30');
insert into article (article_id, member_id, board_id, title, content, image, hashtag, created_at, modified_at) values (66, 4, 24, 'Integer tincidunt ante vel ipsum.', 'Proin interdum mauris non ligula pellentesque ultrices.', 'http://dummyimage.com/618x576.png/ff4444/ffffff', '#Red', '2022-12-20 11:18:20', '2023-03-26 04:26:46');
insert into article (article_id, member_id, board_id, title, content, image, hashtag, created_at, modified_at) values (67, 5, 41, 'Suspendisse potenti.', 'Quisque ut erat.', 'http://dummyimage.com/663x681.png/5fa2dd/ffffff', null, '2022-08-24 06:28:45', '2023-02-10 00:37:48');
insert into article (article_id, member_id, board_id, title, content, image, hashtag, created_at, modified_at) values (68, 1, 24, 'Morbi non quam nec dui luctus rutrum.', 'Nunc rhoncus dui vel sem.', 'http://dummyimage.com/699x597.png/ff4444/ffffff', '#Puce', '2022-07-31 04:12:03', '2022-07-28 14:31:18');
insert into article (article_id, member_id, board_id, title, content, image, hashtag, created_at, modified_at) values (69, 2, 20, 'Etiam pretium iaculis justo.', 'Vivamus metus arcu, adipiscing molestie, hendrerit at, vulputate vitae, nisl.', 'http://dummyimage.com/420x538.png/dddddd/000000', '#Turquoise', '2023-04-09 15:17:26', '2022-10-28 16:47:07');
insert into article (article_id, member_id, board_id, title, content, image, hashtag, created_at, modified_at) values (70, 8, 39, 'Vivamus vel nulla eget eros elementum pellentesque.', 'In est risus, auctor sed, tristique in, tempus sit amet, sem.', 'http://dummyimage.com/577x571.png/ff4444/ffffff', '#Goldenrod', '2022-12-29 11:49:22', '2023-04-13 16:46:08');
insert into article (article_id, member_id, board_id, title, content, image, hashtag, created_at, modified_at) values (71, 6, 50, 'Sed vel enim sit amet nunc viverra dapibus.', 'Lorem ipsum dolor sit amet, consectetuer adipiscing elit.', 'http://dummyimage.com/659x498.png/5fa2dd/ffffff', '#Red', '2023-03-14 09:08:25', '2023-02-04 05:02:49');
insert into article (article_id, member_id, board_id, title, content, image, hashtag, created_at, modified_at) values (72, 6, 30, 'Phasellus in felis.', 'Curabitur at ipsum ac tellus semper interdum.', 'http://dummyimage.com/478x525.png/cc0000/ffffff', '#Purple', '2022-07-24 22:23:46', '2022-10-12 04:11:49');
insert into article (article_id, member_id, board_id, title, content, image, hashtag, created_at, modified_at) values (73, 6, 41, 'Duis ac nibh.', 'Nulla justo.', 'http://dummyimage.com/586x572.png/cc0000/ffffff', '#Green', '2023-03-21 04:06:13', '2022-09-16 05:00:06');
insert into article (article_id, member_id, board_id, title, content, image, hashtag, created_at, modified_at) values (74, 6, 50, 'Vivamus vestibulum sagittis sapien.', 'Morbi non lectus.', 'http://dummyimage.com/517x472.png/ff4444/ffffff', '#Blue', '2023-02-19 06:38:20', '2023-02-01 12:21:57');
insert into article (article_id, member_id, board_id, title, content, image, hashtag, created_at, modified_at) values (75, 1, 46, 'Nulla tempus.', 'Aenean auctor gravida sem.', 'http://dummyimage.com/593x422.png/5fa2dd/ffffff', '#Puce', '2022-10-26 23:05:21', '2022-07-10 20:51:44');
insert into article (article_id, member_id, board_id, title, content, image, hashtag, created_at, modified_at) values (76, 8, 37, 'In hac habitasse platea dictumst.', 'Proin at turpis a pede posuere nonummy.', 'http://dummyimage.com/575x585.png/ff4444/ffffff', null, '2023-02-13 12:43:09', '2022-12-10 12:48:14');
insert into article (article_id, member_id, board_id, title, content, image, hashtag, created_at, modified_at) values (77, 1, 31, 'Etiam vel augue.', 'Integer ac neque.', 'http://dummyimage.com/421x526.png/dddddd/000000', '#Green', '2022-10-05 01:43:03', '2022-06-06 02:04:17');
insert into article (article_id, member_id, board_id, title, content, image, hashtag, created_at, modified_at) values (78, 9, 36, 'Mauris lacinia sapien quis libero.', 'Donec vitae nisi.', 'http://dummyimage.com/455x612.png/ff4444/ffffff', '#Turquoise', '2023-04-19 14:44:26', '2022-12-01 19:31:38');
insert into article (article_id, member_id, board_id, title, content, image, hashtag, created_at, modified_at) values (79, 8, 40, 'Donec quis orci eget orci vehicula condimentum.', 'Vivamus in felis eu sapien cursus vestibulum.', 'http://dummyimage.com/655x612.png/ff4444/ffffff', '#Orange', '2022-11-22 11:27:01', '2022-10-15 18:54:10');
insert into article (article_id, member_id, board_id, title, content, image, hashtag, created_at, modified_at) values (80, 4, 38, 'Proin interdum mauris non ligula pellentesque ultrices.', 'Vivamus vestibulum sagittis sapien.', 'http://dummyimage.com/549x686.png/ff4444/ffffff', '#Blue', '2022-06-10 11:18:50', '2022-07-12 16:50:20');
insert into article (article_id, member_id, board_id, title, content, image, hashtag, created_at, modified_at) values (81, 6, 5, 'Sed vel enim sit amet nunc viverra dapibus.', 'Donec odio justo, sollicitudin ut, suscipit a, feugiat et, eros.', 'http://dummyimage.com/551x455.png/5fa2dd/ffffff', null, '2023-01-12 06:52:36', '2022-08-07 01:27:59');
insert into article (article_id, member_id, board_id, title, content, image, hashtag, created_at, modified_at) values (82, 6, 26, 'Integer pede justo, lacinia eget, tincidunt eget, tempus vel, pede.', 'Cras in purus eu magna vulputate luctus.', 'http://dummyimage.com/630x692.png/5fa2dd/ffffff', '#Teal', '2022-08-31 10:22:35', '2022-11-08 05:17:25');
insert into article (article_id, member_id, board_id, title, content, image, hashtag, created_at, modified_at) values (83, 9, 12, 'Nullam sit amet turpis elementum ligula vehicula consequat.', 'Donec ut mauris eget massa tempor convallis.', 'http://dummyimage.com/526x660.png/dddddd/000000', '#Red', '2022-12-18 16:03:29', '2022-11-21 04:28:05');
insert into article (article_id, member_id, board_id, title, content, image, hashtag, created_at, modified_at) values (84, 4, 50, 'Donec dapibus.', 'Proin eu mi.', 'http://dummyimage.com/547x640.png/dddddd/000000', '#Fuscia', '2022-06-06 10:26:59', '2022-08-15 22:54:47');
insert into article (article_id, member_id, board_id, title, content, image, hashtag, created_at, modified_at) values (85, 7, 37, 'Aliquam sit amet diam in magna bibendum imperdiet.', 'Morbi sem mauris, laoreet ut, rhoncus aliquet, pulvinar sed, nisl.', 'http://dummyimage.com/595x454.png/ff4444/ffffff', '#Fuscia', '2022-08-06 01:21:21', '2023-02-13 17:29:14');
insert into article (article_id, member_id, board_id, title, content, image, hashtag, created_at, modified_at) values (86, 1, 37, 'Nam congue, risus semper porta volutpat, quam pede lobortis ligula, sit amet eleifend pede libero quis orci.', 'Morbi ut odio.', 'http://dummyimage.com/690x667.png/ff4444/ffffff', '#Mauv', '2023-01-20 14:53:27', '2022-08-25 22:19:40');
insert into article (article_id, member_id, board_id, title, content, image, hashtag, created_at, modified_at) values (87, 10, 23, 'Sed accumsan felis.', 'Pellentesque eget nunc.', 'http://dummyimage.com/522x594.png/5fa2dd/ffffff', '#Puce', '2022-11-04 01:12:51', '2022-08-08 09:14:54');
insert into article (article_id, member_id, board_id, title, content, image, hashtag, created_at, modified_at) values (88, 10, 25, 'Proin eu mi.', 'In hac habitasse platea dictumst.', 'http://dummyimage.com/550x636.png/cc0000/ffffff', '#Green', '2023-04-30 02:33:14', '2023-01-11 03:54:56');
insert into article (article_id, member_id, board_id, title, content, image, hashtag, created_at, modified_at) values (89, 6, 35, 'Morbi quis tortor id nulla ultrices aliquet.', 'Nulla nisl.', 'http://dummyimage.com/649x643.png/5fa2dd/ffffff', '#Orange', '2022-09-27 16:56:42', '2023-04-15 19:09:03');
insert into article (article_id, member_id, board_id, title, content, image, hashtag, created_at, modified_at) values (90, 10, 18, 'Quisque arcu libero, rutrum ac, lobortis vel, dapibus at, diam.', 'Praesent id massa id nisl venenatis lacinia.', 'http://dummyimage.com/413x448.png/5fa2dd/ffffff', '#Green', '2022-10-21 15:31:27', '2022-07-14 09:20:39');
insert into article (article_id, member_id, board_id, title, content, image, hashtag, created_at, modified_at) values (91, 2, 30, 'Quisque arcu libero, rutrum ac, lobortis vel, dapibus at, diam.', 'Aenean auctor gravida sem.', 'http://dummyimage.com/615x403.png/ff4444/ffffff', '#Maroon', '2023-04-06 07:01:52', '2022-07-18 03:11:18');
insert into article (article_id, member_id, board_id, title, content, image, hashtag, created_at, modified_at) values (92, 2, 22, 'Nullam molestie nibh in lectus.', 'Cum sociis natoque penatibus et magnis dis parturient montes, nascetur ridiculus mus.', 'http://dummyimage.com/402x484.png/ff4444/ffffff', '#Blue', '2022-09-18 14:17:08', '2022-11-13 02:27:29');
insert into article (article_id, member_id, board_id, title, content, image, hashtag, created_at, modified_at) values (93, 6, 7, 'Phasellus id sapien in sapien iaculis congue.', 'Proin at turpis a pede posuere nonummy.', 'http://dummyimage.com/698x417.png/dddddd/000000', '#Pink', '2022-11-20 00:35:33', '2022-11-27 03:00:53');
insert into article (article_id, member_id, board_id, title, content, image, hashtag, created_at, modified_at) values (94, 9, 5, 'Proin leo odio, porttitor id, consequat in, consequat ut, nulla.', 'Aliquam quis turpis eget elit sodales scelerisque.', 'http://dummyimage.com/489x645.png/dddddd/000000', null, '2022-12-26 18:06:58', '2022-11-14 17:27:37');
insert into article (article_id, member_id, board_id, title, content, image, hashtag, created_at, modified_at) values (95, 7, 3, 'Nulla neque libero, convallis eget, eleifend luctus, ultricies eu, nibh.', 'Morbi non lectus.', 'http://dummyimage.com/639x509.png/ff4444/ffffff', '#Red', '2023-02-13 18:09:50', '2022-11-07 09:14:12');
insert into article (article_id, member_id, board_id, title, content, image, hashtag, created_at, modified_at) values (96, 6, 23, 'Suspendisse ornare consequat lectus.', 'Lorem ipsum dolor sit amet, consectetuer adipiscing elit.', 'http://dummyimage.com/404x655.png/ff4444/ffffff', '#Violet', '2023-02-25 18:47:17', '2022-11-10 19:12:50');
insert into article (article_id, member_id, board_id, title, content, image, hashtag, created_at, modified_at) values (97, 5, 39, 'Nullam porttitor lacus at turpis.', 'Mauris lacinia sapien quis libero.', 'http://dummyimage.com/675x695.png/5fa2dd/ffffff', '#Teal', '2023-02-10 13:06:40', '2023-05-11 06:21:26');
insert into article (article_id, member_id, board_id, title, content, image, hashtag, created_at, modified_at) values (98, 1, 29, 'Nunc rhoncus dui vel sem.', 'Phasellus id sapien in sapien iaculis congue.', 'http://dummyimage.com/631x700.png/cc0000/ffffff', '#Teal', '2023-04-21 23:08:32', '2023-05-10 19:24:29');
insert into article (article_id, member_id, board_id, title, content, image, hashtag, created_at, modified_at) values (99, 2, 48, 'Nulla ut erat id mauris vulputate elementum.', 'Cras pellentesque volutpat dui.', 'http://dummyimage.com/635x452.png/cc0000/ffffff', null, '2022-10-14 12:21:30', '2023-05-09 11:27:34');
insert into article (article_id, member_id, board_id, title, content, image, hashtag, created_at, modified_at) values (100, 4, 33, 'Duis bibendum, felis sed interdum venenatis, turpis enim blandit mi, in porttitor pede justo eu massa.', 'Vivamus in felis eu sapien cursus vestibulum.', 'http://dummyimage.com/636x619.png/cc0000/ffffff', '#Violet', '2022-08-24 09:43:21', '2023-02-10 21:50:14');


-- Comment
insert into comment (comment_id, member_id, article_id, content, created_at, modified_at) values (1, 5, 43, 'Nullam varius. Nulla facilisi.', '2022-07-27 08:32:50', '2022-09-24 12:05:10');
insert into comment (comment_id, member_id, article_id, content, created_at, modified_at) values (2, 5, 100, 'Praesent lectus. Vestibulum quam sapien, varius ut, blandit non, interdum in, ante. Vestibulum ante ipsum primis in faucibus orci luctus et ultrices posuere cubilia Curae; Duis faucibus accumsan odio. Curabitur convallis. Duis consequat dui nec nisi volutpat eleifend. Donec ut dolor. Morbi vel lectus in quam fringilla rhoncus. Mauris enim leo, rhoncus sed, vestibulum sit amet, cursus id, turpis.', '2022-09-20 00:03:56', '2022-09-09 01:33:45');
insert into comment (comment_id, member_id, article_id, content, created_at, modified_at) values (3, 9, 93, 'Pellentesque ultrices mattis odio. Donec vitae nisi. Nam ultrices, libero non mattis pulvinar, nulla pede ullamcorper augue, a suscipit nulla elit ac nulla. Sed vel enim sit amet nunc viverra dapibus. Nulla suscipit ligula in lacus.', '2023-05-04 19:39:11', '2023-02-04 20:22:13');
insert into comment (comment_id, member_id, article_id, content, created_at, modified_at) values (4, 7, 11, 'Maecenas pulvinar lobortis est. Phasellus sit amet erat. Nulla tempus. Vivamus in felis eu sapien cursus vestibulum. Proin eu mi. Nulla ac enim. In tempor, turpis nec euismod scelerisque, quam turpis adipiscing lorem, vitae mattis nibh ligula nec sem. Duis aliquam convallis nunc.', '2022-10-10 19:31:48', '2022-09-19 05:43:59');
insert into comment (comment_id, member_id, article_id, content, created_at, modified_at) values (5, 7, 72, 'Nulla neque libero, convallis eget, eleifend luctus, ultricies eu, nibh. Quisque id justo sit amet sapien dignissim vestibulum. Vestibulum ante ipsum primis in faucibus orci luctus et ultrices posuere cubilia Curae; Nulla dapibus dolor vel est. Donec odio justo, sollicitudin ut, suscipit a, feugiat et, eros. Vestibulum ac est lacinia nisi venenatis tristique. Fusce congue, diam id ornare imperdiet, sapien urna pretium nisl, ut volutpat sapien arcu sed augue. Aliquam erat volutpat.', '2022-10-03 20:11:54', '2023-03-10 14:24:27');
insert into comment (comment_id, member_id, article_id, content, created_at, modified_at) values (6, 10, 45, 'Sed sagittis. Nam congue, risus semper porta volutpat, quam pede lobortis ligula, sit amet eleifend pede libero quis orci. Nullam molestie nibh in lectus. Pellentesque at nulla. Suspendisse potenti. Cras in purus eu magna vulputate luctus.', '2022-07-25 16:18:46', '2022-05-15 01:18:19');
insert into comment (comment_id, member_id, article_id, content, created_at, modified_at) values (7, 9, 64, 'Aliquam quis turpis eget elit sodales scelerisque. Mauris sit amet eros. Suspendisse accumsan tortor quis turpis.', '2022-08-08 04:47:09', '2023-03-20 08:11:47');
insert into comment (comment_id, member_id, article_id, content, created_at, modified_at) values (8, 7, 8, 'Nulla tempus. Vivamus in felis eu sapien cursus vestibulum. Proin eu mi. Nulla ac enim. In tempor, turpis nec euismod scelerisque, quam turpis adipiscing lorem, vitae mattis nibh ligula nec sem. Duis aliquam convallis nunc. Proin at turpis a pede posuere nonummy.', '2023-02-01 16:32:59', '2022-09-10 21:35:12');
insert into comment (comment_id, member_id, article_id, content, created_at, modified_at) values (9, 6, 2, 'Praesent id massa id nisl venenatis lacinia. Aenean sit amet justo. Morbi ut odio. Cras mi pede, malesuada in, imperdiet et, commodo vulputate, justo.', '2023-02-23 01:53:15', '2022-10-26 10:48:40');
insert into comment (comment_id, member_id, article_id, content, created_at, modified_at) values (10, 7, 69, 'Quisque id justo sit amet sapien dignissim vestibulum. Vestibulum ante ipsum primis in faucibus orci luctus et ultrices posuere cubilia Curae; Nulla dapibus dolor vel est.', '2023-04-28 10:57:21', '2022-07-19 05:26:42');
insert into comment (comment_id, member_id, article_id, content, created_at, modified_at) values (11, 6, 84, 'Integer tincidunt ante vel ipsum. Praesent blandit lacinia erat. Vestibulum sed magna at nunc commodo placerat.', '2023-04-07 12:04:24', '2022-06-16 12:44:35');
insert into comment (comment_id, member_id, article_id, content, created_at, modified_at) values (12, 1, 47, 'Morbi non lectus. Aliquam sit amet diam in magna bibendum imperdiet. Nullam orci pede, venenatis non, sodales sed, tincidunt eu, felis. Fusce posuere felis sed lacus. Morbi sem mauris, laoreet ut, rhoncus aliquet, pulvinar sed, nisl. Nunc rhoncus dui vel sem.', '2023-05-12 09:00:41', '2022-12-31 16:39:37');
insert into comment (comment_id, member_id, article_id, content, created_at, modified_at) values (13, 7, 95, 'Suspendisse potenti. Nullam porttitor lacus at turpis. Donec posuere metus vitae ipsum. Aliquam non mauris. Morbi non lectus. Aliquam sit amet diam in magna bibendum imperdiet.', '2022-11-11 10:56:33', '2023-01-11 20:57:30');
insert into comment (comment_id, member_id, article_id, content, created_at, modified_at) values (14, 8, 91, 'Nulla justo. Aliquam quis turpis eget elit sodales scelerisque.', '2022-09-20 03:32:56', '2022-09-22 07:21:25');
insert into comment (comment_id, member_id, article_id, content, created_at, modified_at) values (15, 5, 36, 'Nulla mollis molestie lorem. Quisque ut erat. Curabitur gravida nisi at nibh.', '2023-02-02 10:17:22', '2022-12-09 20:26:42');
insert into comment (comment_id, member_id, article_id, content, created_at, modified_at) values (16, 10, 66, 'Integer pede justo, lacinia eget, tincidunt eget, tempus vel, pede. Morbi porttitor lorem id ligula. Suspendisse ornare consequat lectus. In est risus, auctor sed, tristique in, tempus sit amet, sem. Fusce consequat. Nulla nisl. Nunc nisl. Duis bibendum, felis sed interdum venenatis, turpis enim blandit mi, in porttitor pede justo eu massa. Donec dapibus.', '2022-06-06 10:55:49', '2022-06-20 04:53:22');
insert into comment (comment_id, member_id, article_id, content, created_at, modified_at) values (17, 6, 88, 'Duis at velit eu est congue elementum.', '2022-07-02 23:29:49', '2023-01-21 04:36:19');
insert into comment (comment_id, member_id, article_id, content, created_at, modified_at) values (18, 4, 81, 'Vivamus tortor. Duis mattis egestas metus.', '2023-02-25 04:30:51', '2022-06-08 17:25:25');
insert into comment (comment_id, member_id, article_id, content, created_at, modified_at) values (19, 6, 94, 'Aliquam sit amet diam in magna bibendum imperdiet. Nullam orci pede, venenatis non, sodales sed, tincidunt eu, felis. Fusce posuere felis sed lacus. Morbi sem mauris, laoreet ut, rhoncus aliquet, pulvinar sed, nisl. Nunc rhoncus dui vel sem. Sed sagittis. Nam congue, risus semper porta volutpat, quam pede lobortis ligula, sit amet eleifend pede libero quis orci. Nullam molestie nibh in lectus. Pellentesque at nulla.', '2022-12-06 03:02:00', '2022-10-21 04:46:44');
insert into comment (comment_id, member_id, article_id, content, created_at, modified_at) values (20, 9, 70, 'Nunc nisl. Duis bibendum, felis sed interdum venenatis, turpis enim blandit mi, in porttitor pede justo eu massa. Donec dapibus. Duis at velit eu est congue elementum. In hac habitasse platea dictumst. Morbi vestibulum, velit id pretium iaculis, diam erat fermentum justo, nec condimentum neque sapien placerat ante. Nulla justo. Aliquam quis turpis eget elit sodales scelerisque. Mauris sit amet eros. Suspendisse accumsan tortor quis turpis.', '2022-12-11 14:50:18', '2023-02-02 11:28:47');
insert into comment (comment_id, member_id, article_id, content, created_at, modified_at) values (21, 4, 58, 'Nulla ut erat id mauris vulputate elementum. Nullam varius. Nulla facilisi. Cras non velit nec nisi vulputate nonummy. Maecenas tincidunt lacus at velit. Vivamus vel nulla eget eros elementum pellentesque.', '2022-11-11 15:52:40', '2023-01-29 18:26:27');
insert into comment (comment_id, member_id, article_id, content, created_at, modified_at) values (22, 6, 45, 'Maecenas tincidunt lacus at velit. Vivamus vel nulla eget eros elementum pellentesque. Quisque porta volutpat erat. Quisque erat eros, viverra eget, congue eget, semper rutrum, nulla. Nunc purus. Phasellus in felis.', '2023-03-27 16:15:03', '2022-09-04 22:25:12');
insert into comment (comment_id, member_id, article_id, content, created_at, modified_at) values (23, 10, 96, 'Vestibulum ac est lacinia nisi venenatis tristique. Fusce congue, diam id ornare imperdiet, sapien urna pretium nisl, ut volutpat sapien arcu sed augue. Aliquam erat volutpat.', '2023-03-13 11:44:45', '2023-04-17 18:19:32');
insert into comment (comment_id, member_id, article_id, content, created_at, modified_at) values (24, 8, 45, 'Aenean auctor gravida sem. Praesent id massa id nisl venenatis lacinia. Aenean sit amet justo. Morbi ut odio. Cras mi pede, malesuada in, imperdiet et, commodo vulputate, justo. In blandit ultrices enim. Lorem ipsum dolor sit amet, consectetuer adipiscing elit.', '2022-07-20 00:18:50', '2022-11-08 22:41:58');
insert into comment (comment_id, member_id, article_id, content, created_at, modified_at) values (25, 1, 99, 'Nulla mollis molestie lorem.', '2023-01-21 16:58:47', '2023-01-25 19:12:22');
insert into comment (comment_id, member_id, article_id, content, created_at, modified_at) values (26, 10, 65, 'Sed ante. Vivamus tortor. Duis mattis egestas metus. Aenean fermentum. Donec ut mauris eget massa tempor convallis. Nulla neque libero, convallis eget, eleifend luctus, ultricies eu, nibh. Quisque id justo sit amet sapien dignissim vestibulum. Vestibulum ante ipsum primis in faucibus orci luctus et ultrices posuere cubilia Curae; Nulla dapibus dolor vel est.', '2022-07-27 17:15:01', '2022-12-11 05:07:16');
insert into comment (comment_id, member_id, article_id, content, created_at, modified_at) values (27, 8, 95, 'Praesent blandit. Nam nulla. Integer pede justo, lacinia eget, tincidunt eget, tempus vel, pede.', '2023-01-08 09:49:24', '2022-08-11 14:06:16');
insert into comment (comment_id, member_id, article_id, content, created_at, modified_at) values (28, 6, 57, 'Vestibulum ac est lacinia nisi venenatis tristique. Fusce congue, diam id ornare imperdiet, sapien urna pretium nisl, ut volutpat sapien arcu sed augue. Aliquam erat volutpat. In congue. Etiam justo. Etiam pretium iaculis justo. In hac habitasse platea dictumst.', '2023-04-11 02:56:18', '2022-10-28 15:20:17');
insert into comment (comment_id, member_id, article_id, content, created_at, modified_at) values (29, 1, 42, 'Fusce congue, diam id ornare imperdiet, sapien urna pretium nisl, ut volutpat sapien arcu sed augue. Aliquam erat volutpat. In congue. Etiam justo. Etiam pretium iaculis justo. In hac habitasse platea dictumst.', '2022-11-23 09:56:21', '2022-05-14 10:36:27');
insert into comment (comment_id, member_id, article_id, content, created_at, modified_at) values (30, 5, 43, 'Pellentesque at nulla. Suspendisse potenti. Cras in purus eu magna vulputate luctus. Cum sociis natoque penatibus et magnis dis parturient montes, nascetur ridiculus mus. Vivamus vestibulum sagittis sapien. Cum sociis natoque penatibus et magnis dis parturient montes, nascetur ridiculus mus. Etiam vel augue. Vestibulum rutrum rutrum neque. Aenean auctor gravida sem. Praesent id massa id nisl venenatis lacinia.', '2022-08-06 11:13:13', '2022-12-14 08:03:29');
insert into comment (comment_id, member_id, article_id, content, created_at, modified_at) values (31, 4, 20, 'Etiam faucibus cursus urna. Ut tellus. Nulla ut erat id mauris vulputate elementum. Nullam varius. Nulla facilisi. Cras non velit nec nisi vulputate nonummy. Maecenas tincidunt lacus at velit.', '2022-07-07 06:56:53', '2022-06-15 04:21:53');
insert into comment (comment_id, member_id, article_id, content, created_at, modified_at) values (32, 3, 17, 'Nam congue, risus semper porta volutpat, quam pede lobortis ligula, sit amet eleifend pede libero quis orci. Nullam molestie nibh in lectus. Pellentesque at nulla. Suspendisse potenti. Cras in purus eu magna vulputate luctus. Cum sociis natoque penatibus et magnis dis parturient montes, nascetur ridiculus mus.', '2023-04-06 01:37:13', '2022-12-15 18:22:52');
insert into comment (comment_id, member_id, article_id, content, created_at, modified_at) values (33, 5, 49, 'In quis justo. Maecenas rhoncus aliquam lacus. Morbi quis tortor id nulla ultrices aliquet. Maecenas leo odio, condimentum id, luctus nec, molestie sed, justo. Pellentesque viverra pede ac diam. Cras pellentesque volutpat dui.', '2023-04-24 23:28:23', '2022-11-07 02:03:50');
insert into comment (comment_id, member_id, article_id, content, created_at, modified_at) values (34, 5, 99, 'Phasellus id sapien in sapien iaculis congue. Vivamus metus arcu, adipiscing molestie, hendrerit at, vulputate vitae, nisl. Aenean lectus. Pellentesque eget nunc.', '2023-02-28 12:19:08', '2022-07-24 03:19:38');
insert into comment (comment_id, member_id, article_id, content, created_at, modified_at) values (35, 7, 27, 'Vestibulum ante ipsum primis in faucibus orci luctus et ultrices posuere cubilia Curae; Duis faucibus accumsan odio. Curabitur convallis. Duis consequat dui nec nisi volutpat eleifend. Donec ut dolor. Morbi vel lectus in quam fringilla rhoncus. Mauris enim leo, rhoncus sed, vestibulum sit amet, cursus id, turpis. Integer aliquet, massa id lobortis convallis, tortor risus dapibus augue, vel accumsan tellus nisi eu orci. Mauris lacinia sapien quis libero.', '2023-05-01 07:51:07', '2022-12-22 08:09:43');
insert into comment (comment_id, member_id, article_id, content, created_at, modified_at) values (36, 6, 29, 'Integer a nibh. In quis justo. Maecenas rhoncus aliquam lacus. Morbi quis tortor id nulla ultrices aliquet.', '2023-01-30 04:49:11', '2022-11-13 00:12:34');
insert into comment (comment_id, member_id, article_id, content, created_at, modified_at) values (37, 3, 37, 'In blandit ultrices enim. Lorem ipsum dolor sit amet, consectetuer adipiscing elit. Proin interdum mauris non ligula pellentesque ultrices. Phasellus id sapien in sapien iaculis congue. Vivamus metus arcu, adipiscing molestie, hendrerit at, vulputate vitae, nisl. Aenean lectus. Pellentesque eget nunc. Donec quis orci eget orci vehicula condimentum.', '2023-05-02 06:29:44', '2023-02-18 02:27:57');
insert into comment (comment_id, member_id, article_id, content, created_at, modified_at) values (38, 9, 63, 'Nullam porttitor lacus at turpis. Donec posuere metus vitae ipsum. Aliquam non mauris. Morbi non lectus.', '2022-06-02 12:31:47', '2023-01-18 22:01:58');
insert into comment (comment_id, member_id, article_id, content, created_at, modified_at) values (39, 3, 25, 'Maecenas rhoncus aliquam lacus. Morbi quis tortor id nulla ultrices aliquet. Maecenas leo odio, condimentum id, luctus nec, molestie sed, justo. Pellentesque viverra pede ac diam. Cras pellentesque volutpat dui. Maecenas tristique, est et tempus semper, est quam pharetra magna, ac consequat metus sapien ut nunc. Vestibulum ante ipsum primis in faucibus orci luctus et ultrices posuere cubilia Curae; Mauris viverra diam vitae quam. Suspendisse potenti.', '2023-01-13 04:02:54', '2023-05-01 11:16:45');
insert into comment (comment_id, member_id, article_id, content, created_at, modified_at) values (40, 1, 61, 'Morbi non lectus. Aliquam sit amet diam in magna bibendum imperdiet. Nullam orci pede, venenatis non, sodales sed, tincidunt eu, felis. Fusce posuere felis sed lacus. Morbi sem mauris, laoreet ut, rhoncus aliquet, pulvinar sed, nisl. Nunc rhoncus dui vel sem. Sed sagittis. Nam congue, risus semper porta volutpat, quam pede lobortis ligula, sit amet eleifend pede libero quis orci.', '2022-07-06 23:53:54', '2023-04-27 10:30:33');
insert into comment (comment_id, member_id, article_id, content, created_at, modified_at) values (41, 1, 35, 'Vestibulum ante ipsum primis in faucibus orci luctus et ultrices posuere cubilia Curae; Donec pharetra, magna vestibulum aliquet ultrices, erat tortor sollicitudin mi, sit amet lobortis sapien sapien non mi. Integer ac neque.', '2022-12-27 01:49:41', '2022-12-29 10:58:05');
insert into comment (comment_id, member_id, article_id, content, created_at, modified_at) values (42, 2, 52, 'Proin leo odio, porttitor id, consequat in, consequat ut, nulla. Sed accumsan felis. Ut at dolor quis odio consequat varius. Integer ac leo.', '2023-01-09 12:21:08', '2022-12-01 16:59:37');
insert into comment (comment_id, member_id, article_id, content, created_at, modified_at) values (43, 4, 73, 'Vivamus tortor. Duis mattis egestas metus. Aenean fermentum. Donec ut mauris eget massa tempor convallis. Nulla neque libero, convallis eget, eleifend luctus, ultricies eu, nibh.', '2022-10-26 20:14:28', '2023-01-25 22:20:38');
insert into comment (comment_id, member_id, article_id, content, created_at, modified_at) values (44, 6, 24, 'Nunc nisl. Duis bibendum, felis sed interdum venenatis, turpis enim blandit mi, in porttitor pede justo eu massa. Donec dapibus. Duis at velit eu est congue elementum. In hac habitasse platea dictumst. Morbi vestibulum, velit id pretium iaculis, diam erat fermentum justo, nec condimentum neque sapien placerat ante.', '2022-06-12 10:10:16', '2022-10-12 09:22:55');
insert into comment (comment_id, member_id, article_id, content, created_at, modified_at) values (45, 1, 62, 'Curabitur in libero ut massa volutpat convallis. Morbi odio odio, elementum eu, interdum eu, tincidunt in, leo.', '2023-05-12 04:28:51', '2022-07-26 10:44:43');
insert into comment (comment_id, member_id, article_id, content, created_at, modified_at) values (46, 3, 73, 'Aenean sit amet justo. Morbi ut odio. Cras mi pede, malesuada in, imperdiet et, commodo vulputate, justo. In blandit ultrices enim. Lorem ipsum dolor sit amet, consectetuer adipiscing elit.', '2022-06-25 10:04:33', '2023-02-03 11:49:12');
insert into comment (comment_id, member_id, article_id, content, created_at, modified_at) values (47, 10, 88, 'Cras pellentesque volutpat dui. Maecenas tristique, est et tempus semper, est quam pharetra magna, ac consequat metus sapien ut nunc. Vestibulum ante ipsum primis in faucibus orci luctus et ultrices posuere cubilia Curae; Mauris viverra diam vitae quam. Suspendisse potenti. Nullam porttitor lacus at turpis.', '2023-05-13 04:15:38', '2022-07-04 19:50:47');
insert into comment (comment_id, member_id, article_id, content, created_at, modified_at) values (48, 8, 5, 'Morbi porttitor lorem id ligula. Suspendisse ornare consequat lectus.', '2022-10-18 23:27:23', '2023-02-26 03:14:59');
insert into comment (comment_id, member_id, article_id, content, created_at, modified_at) values (49, 10, 22, 'Vestibulum sed magna at nunc commodo placerat. Praesent blandit. Nam nulla. Integer pede justo, lacinia eget, tincidunt eget, tempus vel, pede.', '2022-06-29 17:47:00', '2022-08-15 21:09:21');
insert into comment (comment_id, member_id, article_id, content, created_at, modified_at) values (50, 7, 43, 'Vivamus vestibulum sagittis sapien. Cum sociis natoque penatibus et magnis dis parturient montes, nascetur ridiculus mus. Etiam vel augue. Vestibulum rutrum rutrum neque. Aenean auctor gravida sem. Praesent id massa id nisl venenatis lacinia. Aenean sit amet justo.', '2022-09-01 06:43:47', '2022-09-30 07:32:00');
insert into comment (comment_id, member_id, article_id, content, created_at, modified_at) values (51, 2, 85, 'Donec ut dolor. Morbi vel lectus in quam fringilla rhoncus. Mauris enim leo, rhoncus sed, vestibulum sit amet, cursus id, turpis. Integer aliquet, massa id lobortis convallis, tortor risus dapibus augue, vel accumsan tellus nisi eu orci. Mauris lacinia sapien quis libero. Nullam sit amet turpis elementum ligula vehicula consequat. Morbi a ipsum. Integer a nibh. In quis justo.', '2022-06-25 09:41:51', '2022-12-08 05:37:54');
insert into comment (comment_id, member_id, article_id, content, created_at, modified_at) values (52, 3, 83, 'Pellentesque viverra pede ac diam. Cras pellentesque volutpat dui. Maecenas tristique, est et tempus semper, est quam pharetra magna, ac consequat metus sapien ut nunc. Vestibulum ante ipsum primis in faucibus orci luctus et ultrices posuere cubilia Curae; Mauris viverra diam vitae quam. Suspendisse potenti. Nullam porttitor lacus at turpis.', '2023-05-11 18:00:11', '2023-01-23 17:58:14');
insert into comment (comment_id, member_id, article_id, content, created_at, modified_at) values (53, 7, 41, 'Duis bibendum, felis sed interdum venenatis, turpis enim blandit mi, in porttitor pede justo eu massa. Donec dapibus. Duis at velit eu est congue elementum. In hac habitasse platea dictumst. Morbi vestibulum, velit id pretium iaculis, diam erat fermentum justo, nec condimentum neque sapien placerat ante.', '2022-09-03 04:24:11', '2023-01-23 04:23:18');
insert into comment (comment_id, member_id, article_id, content, created_at, modified_at) values (54, 3, 8, 'Proin interdum mauris non ligula pellentesque ultrices. Phasellus id sapien in sapien iaculis congue.', '2023-02-02 15:50:14', '2022-12-26 23:56:06');
insert into comment (comment_id, member_id, article_id, content, created_at, modified_at) values (55, 4, 6, 'Praesent lectus. Vestibulum quam sapien, varius ut, blandit non, interdum in, ante. Vestibulum ante ipsum primis in faucibus orci luctus et ultrices posuere cubilia Curae; Duis faucibus accumsan odio. Curabitur convallis. Duis consequat dui nec nisi volutpat eleifend.', '2022-12-22 11:21:25', '2023-04-04 22:01:47');
insert into comment (comment_id, member_id, article_id, content, created_at, modified_at) values (56, 2, 87, 'Fusce lacus purus, aliquet at, feugiat non, pretium quis, lectus. Suspendisse potenti. In eleifend quam a odio.', '2022-09-22 22:33:01', '2022-11-18 07:59:38');
insert into comment (comment_id, member_id, article_id, content, created_at, modified_at) values (57, 5, 72, 'Suspendisse potenti. Nullam porttitor lacus at turpis. Donec posuere metus vitae ipsum. Aliquam non mauris.', '2023-02-26 05:55:42', '2023-03-04 18:31:12');
insert into comment (comment_id, member_id, article_id, content, created_at, modified_at) values (58, 9, 90, 'Nunc purus. Phasellus in felis. Donec semper sapien a libero. Nam dui.', '2023-01-28 17:05:05', '2022-10-29 00:11:28');
insert into comment (comment_id, member_id, article_id, content, created_at, modified_at) values (59, 3, 7, 'Fusce congue, diam id ornare imperdiet, sapien urna pretium nisl, ut volutpat sapien arcu sed augue. Aliquam erat volutpat. In congue. Etiam justo. Etiam pretium iaculis justo. In hac habitasse platea dictumst.', '2022-07-06 10:05:35', '2022-12-04 04:50:46');
insert into comment (comment_id, member_id, article_id, content, created_at, modified_at) values (60, 4, 94, 'Nulla tempus. Vivamus in felis eu sapien cursus vestibulum.', '2022-08-29 03:34:07', '2022-06-08 03:31:38');
insert into comment (comment_id, member_id, article_id, content, created_at, modified_at) values (61, 5, 61, 'Nunc purus. Phasellus in felis. Donec semper sapien a libero. Nam dui. Proin leo odio, porttitor id, consequat in, consequat ut, nulla. Sed accumsan felis. Ut at dolor quis odio consequat varius. Integer ac leo.', '2023-04-13 01:10:43', '2022-06-12 03:52:32');
insert into comment (comment_id, member_id, article_id, content, created_at, modified_at) values (62, 1, 100, 'Fusce posuere felis sed lacus. Morbi sem mauris, laoreet ut, rhoncus aliquet, pulvinar sed, nisl. Nunc rhoncus dui vel sem. Sed sagittis. Nam congue, risus semper porta volutpat, quam pede lobortis ligula, sit amet eleifend pede libero quis orci. Nullam molestie nibh in lectus. Pellentesque at nulla. Suspendisse potenti. Cras in purus eu magna vulputate luctus. Cum sociis natoque penatibus et magnis dis parturient montes, nascetur ridiculus mus.', '2023-03-12 22:11:37', '2022-12-24 18:45:47');
insert into comment (comment_id, member_id, article_id, content, created_at, modified_at) values (63, 3, 96, 'Maecenas rhoncus aliquam lacus. Morbi quis tortor id nulla ultrices aliquet. Maecenas leo odio, condimentum id, luctus nec, molestie sed, justo. Pellentesque viverra pede ac diam. Cras pellentesque volutpat dui. Maecenas tristique, est et tempus semper, est quam pharetra magna, ac consequat metus sapien ut nunc. Vestibulum ante ipsum primis in faucibus orci luctus et ultrices posuere cubilia Curae; Mauris viverra diam vitae quam.', '2022-11-02 04:03:00', '2022-12-04 01:14:05');
insert into comment (comment_id, member_id, article_id, content, created_at, modified_at) values (64, 6, 4, 'In sagittis dui vel nisl. Duis ac nibh. Fusce lacus purus, aliquet at, feugiat non, pretium quis, lectus.', '2022-08-24 02:08:16', '2023-05-13 08:41:15');
insert into comment (comment_id, member_id, article_id, content, created_at, modified_at) values (65, 9, 20, 'Etiam justo. Etiam pretium iaculis justo. In hac habitasse platea dictumst. Etiam faucibus cursus urna. Ut tellus. Nulla ut erat id mauris vulputate elementum. Nullam varius. Nulla facilisi. Cras non velit nec nisi vulputate nonummy. Maecenas tincidunt lacus at velit.', '2022-06-08 15:40:16', '2022-10-26 02:00:08');
insert into comment (comment_id, member_id, article_id, content, created_at, modified_at) values (66, 9, 45, 'Morbi odio odio, elementum eu, interdum eu, tincidunt in, leo. Maecenas pulvinar lobortis est. Phasellus sit amet erat. Nulla tempus. Vivamus in felis eu sapien cursus vestibulum. Proin eu mi. Nulla ac enim. In tempor, turpis nec euismod scelerisque, quam turpis adipiscing lorem, vitae mattis nibh ligula nec sem. Duis aliquam convallis nunc.', '2022-12-18 20:49:23', '2023-04-01 00:24:31');
insert into comment (comment_id, member_id, article_id, content, created_at, modified_at) values (67, 1, 37, 'Vivamus vestibulum sagittis sapien. Cum sociis natoque penatibus et magnis dis parturient montes, nascetur ridiculus mus. Etiam vel augue.', '2023-05-01 05:47:33', '2023-01-22 19:18:20');
insert into comment (comment_id, member_id, article_id, content, created_at, modified_at) values (68, 7, 54, 'Vestibulum ante ipsum primis in faucibus orci luctus et ultrices posuere cubilia Curae; Donec pharetra, magna vestibulum aliquet ultrices, erat tortor sollicitudin mi, sit amet lobortis sapien sapien non mi. Integer ac neque. Duis bibendum. Morbi non quam nec dui luctus rutrum. Nulla tellus. In sagittis dui vel nisl.', '2022-06-27 03:39:58', '2022-08-16 07:43:03');
insert into comment (comment_id, member_id, article_id, content, created_at, modified_at) values (69, 5, 71, 'Pellentesque at nulla. Suspendisse potenti. Cras in purus eu magna vulputate luctus.', '2022-06-25 08:07:09', '2022-06-02 12:03:57');
insert into comment (comment_id, member_id, article_id, content, created_at, modified_at) values (70, 3, 71, 'Nulla tellus. In sagittis dui vel nisl. Duis ac nibh.', '2022-09-02 02:53:37', '2022-12-14 23:13:06');
insert into comment (comment_id, member_id, article_id, content, created_at, modified_at) values (71, 9, 90, 'Vivamus tortor.', '2023-01-28 13:21:59', '2022-12-15 10:11:48');
insert into comment (comment_id, member_id, article_id, content, created_at, modified_at) values (72, 8, 83, 'Quisque ut erat. Curabitur gravida nisi at nibh.', '2022-10-14 17:51:00', '2022-05-21 09:02:48');
insert into comment (comment_id, member_id, article_id, content, created_at, modified_at) values (73, 1, 71, 'Cras mi pede, malesuada in, imperdiet et, commodo vulputate, justo. In blandit ultrices enim. Lorem ipsum dolor sit amet, consectetuer adipiscing elit. Proin interdum mauris non ligula pellentesque ultrices.', '2022-07-22 02:04:45', '2022-11-11 11:28:25');
insert into comment (comment_id, member_id, article_id, content, created_at, modified_at) values (74, 8, 100, 'Quisque arcu libero, rutrum ac, lobortis vel, dapibus at, diam.', '2022-07-24 16:26:32', '2023-05-09 21:47:02');
insert into comment (comment_id, member_id, article_id, content, created_at, modified_at) values (75, 9, 96, 'Morbi quis tortor id nulla ultrices aliquet. Maecenas leo odio, condimentum id, luctus nec, molestie sed, justo.', '2022-12-01 12:02:12', '2023-03-16 09:54:50');
insert into comment (comment_id, member_id, article_id, content, created_at, modified_at) values (76, 3, 45, 'Etiam faucibus cursus urna. Ut tellus. Nulla ut erat id mauris vulputate elementum. Nullam varius. Nulla facilisi. Cras non velit nec nisi vulputate nonummy. Maecenas tincidunt lacus at velit. Vivamus vel nulla eget eros elementum pellentesque. Quisque porta volutpat erat. Quisque erat eros, viverra eget, congue eget, semper rutrum, nulla.', '2022-09-01 04:00:39', '2022-06-07 16:45:54');
insert into comment (comment_id, member_id, article_id, content, created_at, modified_at) values (77, 2, 24, 'Sed vel enim sit amet nunc viverra dapibus. Nulla suscipit ligula in lacus. Curabitur at ipsum ac tellus semper interdum.', '2023-04-05 22:54:35', '2023-02-21 11:15:22');
insert into comment (comment_id, member_id, article_id, content, created_at, modified_at) values (78, 2, 50, 'Maecenas rhoncus aliquam lacus. Morbi quis tortor id nulla ultrices aliquet. Maecenas leo odio, condimentum id, luctus nec, molestie sed, justo. Pellentesque viverra pede ac diam. Cras pellentesque volutpat dui. Maecenas tristique, est et tempus semper, est quam pharetra magna, ac consequat metus sapien ut nunc. Vestibulum ante ipsum primis in faucibus orci luctus et ultrices posuere cubilia Curae; Mauris viverra diam vitae quam. Suspendisse potenti. Nullam porttitor lacus at turpis.', '2023-03-30 18:46:07', '2022-08-25 13:08:52');
insert into comment (comment_id, member_id, article_id, content, created_at, modified_at) values (79, 7, 12, 'Pellentesque eget nunc. Donec quis orci eget orci vehicula condimentum. Curabitur in libero ut massa volutpat convallis. Morbi odio odio, elementum eu, interdum eu, tincidunt in, leo.', '2022-05-23 17:28:21', '2023-04-27 19:19:53');
insert into comment (comment_id, member_id, article_id, content, created_at, modified_at) values (80, 8, 20, 'Curabitur convallis. Duis consequat dui nec nisi volutpat eleifend. Donec ut dolor. Morbi vel lectus in quam fringilla rhoncus. Mauris enim leo, rhoncus sed, vestibulum sit amet, cursus id, turpis.', '2023-04-18 13:57:17', '2022-10-13 14:37:55');
insert into comment (comment_id, member_id, article_id, content, created_at, modified_at) values (81, 10, 96, 'Nullam molestie nibh in lectus. Pellentesque at nulla. Suspendisse potenti. Cras in purus eu magna vulputate luctus. Cum sociis natoque penatibus et magnis dis parturient montes, nascetur ridiculus mus. Vivamus vestibulum sagittis sapien.', '2023-04-17 11:51:24', '2022-12-20 20:36:31');
insert into comment (comment_id, member_id, article_id, content, created_at, modified_at) values (82, 7, 43, 'Donec vitae nisi. Nam ultrices, libero non mattis pulvinar, nulla pede ullamcorper augue, a suscipit nulla elit ac nulla. Sed vel enim sit amet nunc viverra dapibus. Nulla suscipit ligula in lacus.', '2023-02-14 19:47:12', '2023-04-10 23:47:24');
insert into comment (comment_id, member_id, article_id, content, created_at, modified_at) values (83, 5, 97, 'Nullam orci pede, venenatis non, sodales sed, tincidunt eu, felis.', '2022-11-20 00:58:35', '2023-03-04 15:17:01');
insert into comment (comment_id, member_id, article_id, content, created_at, modified_at) values (84, 7, 36, 'Etiam vel augue.', '2022-08-02 05:16:38', '2022-09-23 00:11:57');
insert into comment (comment_id, member_id, article_id, content, created_at, modified_at) values (85, 5, 83, 'Nulla tellus.', '2022-08-02 19:24:30', '2022-10-26 03:50:47');
insert into comment (comment_id, member_id, article_id, content, created_at, modified_at) values (86, 5, 41, 'Aliquam quis turpis eget elit sodales scelerisque. Mauris sit amet eros. Suspendisse accumsan tortor quis turpis.', '2023-02-20 01:45:09', '2023-02-08 21:10:29');
insert into comment (comment_id, member_id, article_id, content, created_at, modified_at) values (87, 9, 26, 'Donec vitae nisi. Nam ultrices, libero non mattis pulvinar, nulla pede ullamcorper augue, a suscipit nulla elit ac nulla.', '2023-05-10 07:05:42', '2022-10-13 06:42:03');
insert into comment (comment_id, member_id, article_id, content, created_at, modified_at) values (88, 10, 66, 'Cras in purus eu magna vulputate luctus.', '2022-08-24 13:22:03', '2022-05-17 20:51:07');
insert into comment (comment_id, member_id, article_id, content, created_at, modified_at) values (89, 10, 20, 'Vestibulum sed magna at nunc commodo placerat. Praesent blandit. Nam nulla. Integer pede justo, lacinia eget, tincidunt eget, tempus vel, pede. Morbi porttitor lorem id ligula. Suspendisse ornare consequat lectus. In est risus, auctor sed, tristique in, tempus sit amet, sem. Fusce consequat.', '2022-08-28 13:53:01', '2022-12-16 02:27:10');
insert into comment (comment_id, member_id, article_id, content, created_at, modified_at) values (90, 10, 62, 'Donec quis orci eget orci vehicula condimentum. Curabitur in libero ut massa volutpat convallis. Morbi odio odio, elementum eu, interdum eu, tincidunt in, leo. Maecenas pulvinar lobortis est. Phasellus sit amet erat. Nulla tempus. Vivamus in felis eu sapien cursus vestibulum. Proin eu mi. Nulla ac enim.', '2023-03-24 22:56:40', '2022-05-19 09:02:15');
insert into comment (comment_id, member_id, article_id, content, created_at, modified_at) values (91, 1, 2, 'Morbi vel lectus in quam fringilla rhoncus. Mauris enim leo, rhoncus sed, vestibulum sit amet, cursus id, turpis. Integer aliquet, massa id lobortis convallis, tortor risus dapibus augue, vel accumsan tellus nisi eu orci. Mauris lacinia sapien quis libero. Nullam sit amet turpis elementum ligula vehicula consequat. Morbi a ipsum.', '2022-10-31 11:55:27', '2022-12-03 21:54:48');
insert into comment (comment_id, member_id, article_id, content, created_at, modified_at) values (92, 3, 41, 'In hac habitasse platea dictumst. Maecenas ut massa quis augue luctus tincidunt. Nulla mollis molestie lorem.', '2023-04-02 13:38:57', '2023-03-20 08:53:16');
insert into comment (comment_id, member_id, article_id, content, created_at, modified_at) values (93, 9, 37, 'Cras pellentesque volutpat dui. Maecenas tristique, est et tempus semper, est quam pharetra magna, ac consequat metus sapien ut nunc. Vestibulum ante ipsum primis in faucibus orci luctus et ultrices posuere cubilia Curae; Mauris viverra diam vitae quam. Suspendisse potenti. Nullam porttitor lacus at turpis.', '2023-04-16 15:20:43', '2022-07-16 14:08:27');
insert into comment (comment_id, member_id, article_id, content, created_at, modified_at) values (94, 10, 91, 'Fusce congue, diam id ornare imperdiet, sapien urna pretium nisl, ut volutpat sapien arcu sed augue. Aliquam erat volutpat. In congue. Etiam justo. Etiam pretium iaculis justo. In hac habitasse platea dictumst. Etiam faucibus cursus urna.', '2022-11-15 18:33:26', '2022-06-01 23:08:15');
insert into comment (comment_id, member_id, article_id, content, created_at, modified_at) values (95, 5, 59, 'Cum sociis natoque penatibus et magnis dis parturient montes, nascetur ridiculus mus. Vivamus vestibulum sagittis sapien. Cum sociis natoque penatibus et magnis dis parturient montes, nascetur ridiculus mus. Etiam vel augue. Vestibulum rutrum rutrum neque. Aenean auctor gravida sem. Praesent id massa id nisl venenatis lacinia. Aenean sit amet justo. Morbi ut odio.', '2022-08-14 21:23:26', '2023-01-17 16:37:54');
insert into comment (comment_id, member_id, article_id, content, created_at, modified_at) values (96, 3, 27, 'Cras mi pede, malesuada in, imperdiet et, commodo vulputate, justo. In blandit ultrices enim. Lorem ipsum dolor sit amet, consectetuer adipiscing elit. Proin interdum mauris non ligula pellentesque ultrices. Phasellus id sapien in sapien iaculis congue. Vivamus metus arcu, adipiscing molestie, hendrerit at, vulputate vitae, nisl. Aenean lectus. Pellentesque eget nunc. Donec quis orci eget orci vehicula condimentum. Curabitur in libero ut massa volutpat convallis.', '2022-07-30 08:32:48', '2023-05-05 11:08:02');
insert into comment (comment_id, member_id, article_id, content, created_at, modified_at) values (97, 6, 90, 'Nunc rhoncus dui vel sem. Sed sagittis. Nam congue, risus semper porta volutpat, quam pede lobortis ligula, sit amet eleifend pede libero quis orci.', '2023-03-09 02:46:14', '2023-02-09 01:57:11');
insert into comment (comment_id, member_id, article_id, content, created_at, modified_at) values (98, 4, 88, 'Phasellus id sapien in sapien iaculis congue. Vivamus metus arcu, adipiscing molestie, hendrerit at, vulputate vitae, nisl. Aenean lectus. Pellentesque eget nunc. Donec quis orci eget orci vehicula condimentum. Curabitur in libero ut massa volutpat convallis. Morbi odio odio, elementum eu, interdum eu, tincidunt in, leo.', '2023-01-01 16:16:34', '2023-02-26 18:55:52');
insert into comment (comment_id, member_id, article_id, content, created_at, modified_at) values (99, 2, 48, 'Pellentesque at nulla. Suspendisse potenti.', '2022-07-18 02:25:29', '2023-02-06 02:31:43');
insert into comment (comment_id, member_id, article_id, content, created_at, modified_at) values (100, 8, 4, 'Ut tellus. Nulla ut erat id mauris vulputate elementum. Nullam varius. Nulla facilisi. Cras non velit nec nisi vulputate nonummy. Maecenas tincidunt lacus at velit. Vivamus vel nulla eget eros elementum pellentesque. Quisque porta volutpat erat.', '2022-06-18 00:57:57', '2022-09-30 17:26:21');
insert into comment (comment_id, member_id, article_id, content, created_at, modified_at) values (101, 6, 41, 'Nullam orci pede, venenatis non, sodales sed, tincidunt eu, felis. Fusce posuere felis sed lacus. Morbi sem mauris, laoreet ut, rhoncus aliquet, pulvinar sed, nisl. Nunc rhoncus dui vel sem.', '2023-02-19 11:42:46', '2023-02-05 23:52:13');
insert into comment (comment_id, member_id, article_id, content, created_at, modified_at) values (102, 7, 45, 'Integer a nibh. In quis justo. Maecenas rhoncus aliquam lacus. Morbi quis tortor id nulla ultrices aliquet. Maecenas leo odio, condimentum id, luctus nec, molestie sed, justo. Pellentesque viverra pede ac diam. Cras pellentesque volutpat dui. Maecenas tristique, est et tempus semper, est quam pharetra magna, ac consequat metus sapien ut nunc. Vestibulum ante ipsum primis in faucibus orci luctus et ultrices posuere cubilia Curae; Mauris viverra diam vitae quam.', '2022-10-26 12:38:01', '2022-06-19 06:16:50');
insert into comment (comment_id, member_id, article_id, content, created_at, modified_at) values (103, 8, 6, 'Etiam vel augue. Vestibulum rutrum rutrum neque. Aenean auctor gravida sem. Praesent id massa id nisl venenatis lacinia. Aenean sit amet justo. Morbi ut odio. Cras mi pede, malesuada in, imperdiet et, commodo vulputate, justo. In blandit ultrices enim.', '2023-04-04 01:21:41', '2022-08-03 10:00:26');
insert into comment (comment_id, member_id, article_id, content, created_at, modified_at) values (104, 4, 27, 'Suspendisse potenti. In eleifend quam a odio. In hac habitasse platea dictumst. Maecenas ut massa quis augue luctus tincidunt.', '2023-03-16 20:01:19', '2022-12-07 15:32:33');
insert into comment (comment_id, member_id, article_id, content, created_at, modified_at) values (105, 8, 82, 'Duis bibendum, felis sed interdum venenatis, turpis enim blandit mi, in porttitor pede justo eu massa. Donec dapibus. Duis at velit eu est congue elementum. In hac habitasse platea dictumst. Morbi vestibulum, velit id pretium iaculis, diam erat fermentum justo, nec condimentum neque sapien placerat ante. Nulla justo. Aliquam quis turpis eget elit sodales scelerisque.', '2022-11-19 20:29:58', '2022-08-27 17:55:32');
insert into comment (comment_id, member_id, article_id, content, created_at, modified_at) values (106, 4, 41, 'Vestibulum ante ipsum primis in faucibus orci luctus et ultrices posuere cubilia Curae; Donec pharetra, magna vestibulum aliquet ultrices, erat tortor sollicitudin mi, sit amet lobortis sapien sapien non mi. Integer ac neque. Duis bibendum. Morbi non quam nec dui luctus rutrum.', '2022-10-06 09:01:41', '2022-10-14 08:44:45');
insert into comment (comment_id, member_id, article_id, content, created_at, modified_at) values (107, 3, 12, 'Cras mi pede, malesuada in, imperdiet et, commodo vulputate, justo. In blandit ultrices enim.', '2023-01-16 02:35:23', '2023-02-21 15:56:04');
insert into comment (comment_id, member_id, article_id, content, created_at, modified_at) values (108, 1, 62, 'Maecenas rhoncus aliquam lacus. Morbi quis tortor id nulla ultrices aliquet. Maecenas leo odio, condimentum id, luctus nec, molestie sed, justo. Pellentesque viverra pede ac diam. Cras pellentesque volutpat dui. Maecenas tristique, est et tempus semper, est quam pharetra magna, ac consequat metus sapien ut nunc. Vestibulum ante ipsum primis in faucibus orci luctus et ultrices posuere cubilia Curae; Mauris viverra diam vitae quam. Suspendisse potenti. Nullam porttitor lacus at turpis. Donec posuere metus vitae ipsum.', '2022-10-09 02:15:27', '2022-11-13 19:02:43');
insert into comment (comment_id, member_id, article_id, content, created_at, modified_at) values (109, 7, 59, 'Etiam faucibus cursus urna.', '2022-11-29 00:32:33', '2022-09-26 20:36:31');
insert into comment (comment_id, member_id, article_id, content, created_at, modified_at) values (110, 1, 6, 'Duis aliquam convallis nunc. Proin at turpis a pede posuere nonummy. Integer non velit. Donec diam neque, vestibulum eget, vulputate ut, ultrices vel, augue. Vestibulum ante ipsum primis in faucibus orci luctus et ultrices posuere cubilia Curae; Donec pharetra, magna vestibulum aliquet ultrices, erat tortor sollicitudin mi, sit amet lobortis sapien sapien non mi. Integer ac neque. Duis bibendum. Morbi non quam nec dui luctus rutrum.', '2023-02-24 08:36:55', '2022-12-04 03:11:56');
insert into comment (comment_id, member_id, article_id, content, created_at, modified_at) values (111, 6, 23, 'Phasellus in felis.', '2022-06-26 06:31:41', '2022-10-30 00:41:22');
insert into comment (comment_id, member_id, article_id, content, created_at, modified_at) values (112, 2, 80, 'Fusce congue, diam id ornare imperdiet, sapien urna pretium nisl, ut volutpat sapien arcu sed augue. Aliquam erat volutpat. In congue.', '2023-01-18 11:35:48', '2022-08-24 06:02:46');
insert into comment (comment_id, member_id, article_id, content, created_at, modified_at) values (113, 7, 68, 'Donec semper sapien a libero. Nam dui. Proin leo odio, porttitor id, consequat in, consequat ut, nulla. Sed accumsan felis. Ut at dolor quis odio consequat varius. Integer ac leo. Pellentesque ultrices mattis odio. Donec vitae nisi. Nam ultrices, libero non mattis pulvinar, nulla pede ullamcorper augue, a suscipit nulla elit ac nulla.', '2023-02-27 20:09:23', '2023-01-29 08:05:40');
insert into comment (comment_id, member_id, article_id, content, created_at, modified_at) values (114, 10, 41, 'Curabitur in libero ut massa volutpat convallis. Morbi odio odio, elementum eu, interdum eu, tincidunt in, leo. Maecenas pulvinar lobortis est. Phasellus sit amet erat. Nulla tempus. Vivamus in felis eu sapien cursus vestibulum.', '2023-01-20 13:28:49', '2022-07-03 16:07:55');
insert into comment (comment_id, member_id, article_id, content, created_at, modified_at) values (115, 7, 19, 'Sed vel enim sit amet nunc viverra dapibus. Nulla suscipit ligula in lacus.', '2022-07-03 03:17:01', '2023-03-02 13:14:27');
insert into comment (comment_id, member_id, article_id, content, created_at, modified_at) values (116, 1, 36, 'Duis aliquam convallis nunc. Proin at turpis a pede posuere nonummy. Integer non velit.', '2023-02-02 11:33:28', '2022-06-06 09:09:33');
insert into comment (comment_id, member_id, article_id, content, created_at, modified_at) values (117, 3, 60, 'Nulla tellus. In sagittis dui vel nisl. Duis ac nibh. Fusce lacus purus, aliquet at, feugiat non, pretium quis, lectus. Suspendisse potenti. In eleifend quam a odio. In hac habitasse platea dictumst. Maecenas ut massa quis augue luctus tincidunt. Nulla mollis molestie lorem. Quisque ut erat.', '2022-09-11 08:32:07', '2023-02-08 13:41:59');
insert into comment (comment_id, member_id, article_id, content, created_at, modified_at) values (118, 9, 34, 'Pellentesque viverra pede ac diam.', '2022-08-13 17:28:15', '2022-09-20 00:37:33');
insert into comment (comment_id, member_id, article_id, content, created_at, modified_at) values (119, 9, 71, 'Mauris lacinia sapien quis libero. Nullam sit amet turpis elementum ligula vehicula consequat. Morbi a ipsum. Integer a nibh. In quis justo. Maecenas rhoncus aliquam lacus. Morbi quis tortor id nulla ultrices aliquet. Maecenas leo odio, condimentum id, luctus nec, molestie sed, justo.', '2022-06-09 23:38:08', '2022-10-18 04:18:17');
insert into comment (comment_id, member_id, article_id, content, created_at, modified_at) values (120, 10, 52, 'In hac habitasse platea dictumst. Etiam faucibus cursus urna. Ut tellus. Nulla ut erat id mauris vulputate elementum.', '2023-03-01 19:26:07', '2023-01-22 02:31:20');
insert into comment (comment_id, member_id, article_id, content, created_at, modified_at) values (121, 7, 64, 'Vestibulum ante ipsum primis in faucibus orci luctus et ultrices posuere cubilia Curae; Duis faucibus accumsan odio. Curabitur convallis. Duis consequat dui nec nisi volutpat eleifend. Donec ut dolor. Morbi vel lectus in quam fringilla rhoncus. Mauris enim leo, rhoncus sed, vestibulum sit amet, cursus id, turpis. Integer aliquet, massa id lobortis convallis, tortor risus dapibus augue, vel accumsan tellus nisi eu orci. Mauris lacinia sapien quis libero. Nullam sit amet turpis elementum ligula vehicula consequat. Morbi a ipsum.', '2022-06-27 16:07:31', '2022-07-03 19:23:07');
insert into comment (comment_id, member_id, article_id, content, created_at, modified_at) values (122, 9, 88, 'Integer non velit. Donec diam neque, vestibulum eget, vulputate ut, ultrices vel, augue. Vestibulum ante ipsum primis in faucibus orci luctus et ultrices posuere cubilia Curae; Donec pharetra, magna vestibulum aliquet ultrices, erat tortor sollicitudin mi, sit amet lobortis sapien sapien non mi. Integer ac neque. Duis bibendum. Morbi non quam nec dui luctus rutrum. Nulla tellus.', '2022-08-25 21:30:15', '2023-04-25 13:33:59');
insert into comment (comment_id, member_id, article_id, content, created_at, modified_at) values (123, 10, 89, 'Proin interdum mauris non ligula pellentesque ultrices. Phasellus id sapien in sapien iaculis congue.', '2023-04-13 15:28:53', '2022-12-14 05:36:16');
insert into comment (comment_id, member_id, article_id, content, created_at, modified_at) values (124, 8, 68, 'Morbi odio odio, elementum eu, interdum eu, tincidunt in, leo. Maecenas pulvinar lobortis est. Phasellus sit amet erat. Nulla tempus. Vivamus in felis eu sapien cursus vestibulum. Proin eu mi. Nulla ac enim. In tempor, turpis nec euismod scelerisque, quam turpis adipiscing lorem, vitae mattis nibh ligula nec sem. Duis aliquam convallis nunc. Proin at turpis a pede posuere nonummy.', '2022-08-04 07:26:11', '2022-08-09 13:27:37');
insert into comment (comment_id, member_id, article_id, content, created_at, modified_at) values (125, 5, 41, 'Suspendisse potenti. Cras in purus eu magna vulputate luctus. Cum sociis natoque penatibus et magnis dis parturient montes, nascetur ridiculus mus. Vivamus vestibulum sagittis sapien. Cum sociis natoque penatibus et magnis dis parturient montes, nascetur ridiculus mus. Etiam vel augue.', '2022-11-07 08:28:18', '2022-08-05 08:52:29');
insert into comment (comment_id, member_id, article_id, content, created_at, modified_at) values (126, 3, 26, 'Maecenas tristique, est et tempus semper, est quam pharetra magna, ac consequat metus sapien ut nunc. Vestibulum ante ipsum primis in faucibus orci luctus et ultrices posuere cubilia Curae; Mauris viverra diam vitae quam. Suspendisse potenti. Nullam porttitor lacus at turpis. Donec posuere metus vitae ipsum. Aliquam non mauris. Morbi non lectus. Aliquam sit amet diam in magna bibendum imperdiet.', '2022-12-02 21:31:25', '2022-07-02 19:48:36');
insert into comment (comment_id, member_id, article_id, content, created_at, modified_at) values (127, 7, 3, 'Nulla nisl. Nunc nisl. Duis bibendum, felis sed interdum venenatis, turpis enim blandit mi, in porttitor pede justo eu massa. Donec dapibus. Duis at velit eu est congue elementum.', '2022-10-21 07:47:00', '2022-08-21 04:52:20');
insert into comment (comment_id, member_id, article_id, content, created_at, modified_at) values (128, 4, 16, 'Vestibulum ac est lacinia nisi venenatis tristique. Fusce congue, diam id ornare imperdiet, sapien urna pretium nisl, ut volutpat sapien arcu sed augue. Aliquam erat volutpat. In congue. Etiam justo. Etiam pretium iaculis justo. In hac habitasse platea dictumst. Etiam faucibus cursus urna. Ut tellus.', '2022-06-30 10:14:28', '2022-06-06 10:52:43');
insert into comment (comment_id, member_id, article_id, content, created_at, modified_at) values (129, 6, 12, 'In hac habitasse platea dictumst. Etiam faucibus cursus urna. Ut tellus. Nulla ut erat id mauris vulputate elementum. Nullam varius. Nulla facilisi. Cras non velit nec nisi vulputate nonummy. Maecenas tincidunt lacus at velit. Vivamus vel nulla eget eros elementum pellentesque.', '2023-04-28 14:57:50', '2022-08-10 07:59:31');
insert into comment (comment_id, member_id, article_id, content, created_at, modified_at) values (130, 8, 7, 'In sagittis dui vel nisl. Duis ac nibh.', '2023-03-06 18:29:04', '2022-06-27 15:33:04');
insert into comment (comment_id, member_id, article_id, content, created_at, modified_at) values (131, 9, 38, 'Vestibulum ac est lacinia nisi venenatis tristique. Fusce congue, diam id ornare imperdiet, sapien urna pretium nisl, ut volutpat sapien arcu sed augue. Aliquam erat volutpat. In congue. Etiam justo. Etiam pretium iaculis justo.', '2022-09-16 18:38:56', '2023-05-03 22:02:42');
insert into comment (comment_id, member_id, article_id, content, created_at, modified_at) values (132, 3, 11, 'Pellentesque eget nunc. Donec quis orci eget orci vehicula condimentum. Curabitur in libero ut massa volutpat convallis. Morbi odio odio, elementum eu, interdum eu, tincidunt in, leo. Maecenas pulvinar lobortis est. Phasellus sit amet erat. Nulla tempus. Vivamus in felis eu sapien cursus vestibulum.', '2023-01-16 00:36:45', '2023-01-13 22:37:31');
insert into comment (comment_id, member_id, article_id, content, created_at, modified_at) values (133, 3, 21, 'Vivamus vel nulla eget eros elementum pellentesque. Quisque porta volutpat erat. Quisque erat eros, viverra eget, congue eget, semper rutrum, nulla. Nunc purus. Phasellus in felis. Donec semper sapien a libero. Nam dui.', '2023-03-31 15:05:44', '2022-11-01 13:03:31');
insert into comment (comment_id, member_id, article_id, content, created_at, modified_at) values (134, 3, 54, 'In hac habitasse platea dictumst. Morbi vestibulum, velit id pretium iaculis, diam erat fermentum justo, nec condimentum neque sapien placerat ante. Nulla justo. Aliquam quis turpis eget elit sodales scelerisque. Mauris sit amet eros.', '2023-03-07 03:38:37', '2023-01-07 10:40:36');
insert into comment (comment_id, member_id, article_id, content, created_at, modified_at) values (135, 9, 3, 'Nunc rhoncus dui vel sem. Sed sagittis. Nam congue, risus semper porta volutpat, quam pede lobortis ligula, sit amet eleifend pede libero quis orci. Nullam molestie nibh in lectus. Pellentesque at nulla. Suspendisse potenti. Cras in purus eu magna vulputate luctus. Cum sociis natoque penatibus et magnis dis parturient montes, nascetur ridiculus mus.', '2022-12-07 08:53:22', '2023-03-29 02:03:48');
insert into comment (comment_id, member_id, article_id, content, created_at, modified_at) values (136, 7, 39, 'Morbi porttitor lorem id ligula. Suspendisse ornare consequat lectus. In est risus, auctor sed, tristique in, tempus sit amet, sem. Fusce consequat. Nulla nisl. Nunc nisl.', '2022-11-25 18:39:18', '2022-09-29 01:09:27');
insert into comment (comment_id, member_id, article_id, content, created_at, modified_at) values (137, 10, 16, 'Fusce congue, diam id ornare imperdiet, sapien urna pretium nisl, ut volutpat sapien arcu sed augue. Aliquam erat volutpat. In congue.', '2022-09-12 04:18:19', '2022-10-07 03:20:15');
insert into comment (comment_id, member_id, article_id, content, created_at, modified_at) values (138, 3, 35, 'Nulla mollis molestie lorem. Quisque ut erat. Curabitur gravida nisi at nibh. In hac habitasse platea dictumst. Aliquam augue quam, sollicitudin vitae, consectetuer eget, rutrum at, lorem.', '2022-12-13 08:08:55', '2023-01-16 11:15:04');
insert into comment (comment_id, member_id, article_id, content, created_at, modified_at) values (139, 3, 75, 'Morbi quis tortor id nulla ultrices aliquet. Maecenas leo odio, condimentum id, luctus nec, molestie sed, justo. Pellentesque viverra pede ac diam. Cras pellentesque volutpat dui. Maecenas tristique, est et tempus semper, est quam pharetra magna, ac consequat metus sapien ut nunc. Vestibulum ante ipsum primis in faucibus orci luctus et ultrices posuere cubilia Curae; Mauris viverra diam vitae quam. Suspendisse potenti. Nullam porttitor lacus at turpis. Donec posuere metus vitae ipsum.', '2022-11-21 07:31:27', '2022-10-10 12:09:08');
insert into comment (comment_id, member_id, article_id, content, created_at, modified_at) values (140, 3, 42, 'Integer ac leo. Pellentesque ultrices mattis odio. Donec vitae nisi.', '2023-03-08 00:52:44', '2023-01-29 16:34:12');
insert into comment (comment_id, member_id, article_id, content, created_at, modified_at) values (141, 4, 60, 'Ut at dolor quis odio consequat varius. Integer ac leo. Pellentesque ultrices mattis odio. Donec vitae nisi. Nam ultrices, libero non mattis pulvinar, nulla pede ullamcorper augue, a suscipit nulla elit ac nulla.', '2022-06-27 10:40:38', '2023-05-11 05:09:34');
insert into comment (comment_id, member_id, article_id, content, created_at, modified_at) values (142, 6, 90, 'In tempor, turpis nec euismod scelerisque, quam turpis adipiscing lorem, vitae mattis nibh ligula nec sem. Duis aliquam convallis nunc. Proin at turpis a pede posuere nonummy. Integer non velit. Donec diam neque, vestibulum eget, vulputate ut, ultrices vel, augue. Vestibulum ante ipsum primis in faucibus orci luctus et ultrices posuere cubilia Curae; Donec pharetra, magna vestibulum aliquet ultrices, erat tortor sollicitudin mi, sit amet lobortis sapien sapien non mi. Integer ac neque. Duis bibendum.', '2022-10-27 00:07:09', '2022-10-20 21:21:01');
insert into comment (comment_id, member_id, article_id, content, created_at, modified_at) values (143, 10, 25, 'In congue. Etiam justo. Etiam pretium iaculis justo. In hac habitasse platea dictumst. Etiam faucibus cursus urna.', '2022-12-11 22:59:55', '2023-02-04 01:41:30');
insert into comment (comment_id, member_id, article_id, content, created_at, modified_at) values (144, 6, 54, 'Proin interdum mauris non ligula pellentesque ultrices.', '2022-11-09 15:43:24', '2022-06-21 19:05:15');
insert into comment (comment_id, member_id, article_id, content, created_at, modified_at) values (145, 3, 11, 'Nulla facilisi. Cras non velit nec nisi vulputate nonummy.', '2023-05-06 13:49:44', '2023-01-26 00:42:42');
insert into comment (comment_id, member_id, article_id, content, created_at, modified_at) values (146, 8, 55, 'Aenean auctor gravida sem. Praesent id massa id nisl venenatis lacinia. Aenean sit amet justo. Morbi ut odio.', '2022-06-13 01:37:49', '2022-06-02 18:25:44');
insert into comment (comment_id, member_id, article_id, content, created_at, modified_at) values (147, 6, 35, 'Vestibulum sed magna at nunc commodo placerat. Praesent blandit. Nam nulla. Integer pede justo, lacinia eget, tincidunt eget, tempus vel, pede. Morbi porttitor lorem id ligula.', '2022-12-20 06:25:34', '2022-06-02 04:51:26');
insert into comment (comment_id, member_id, article_id, content, created_at, modified_at) values (148, 5, 36, 'Proin eu mi.', '2023-03-09 06:41:53', '2022-07-16 22:07:19');
insert into comment (comment_id, member_id, article_id, content, created_at, modified_at) values (149, 3, 71, 'Morbi non lectus. Aliquam sit amet diam in magna bibendum imperdiet. Nullam orci pede, venenatis non, sodales sed, tincidunt eu, felis.', '2022-11-13 10:04:27', '2023-04-06 05:37:16');
insert into comment (comment_id, member_id, article_id, content, created_at, modified_at) values (150, 7, 78, 'Pellentesque ultrices mattis odio. Donec vitae nisi. Nam ultrices, libero non mattis pulvinar, nulla pede ullamcorper augue, a suscipit nulla elit ac nulla. Sed vel enim sit amet nunc viverra dapibus. Nulla suscipit ligula in lacus. Curabitur at ipsum ac tellus semper interdum. Mauris ullamcorper purus sit amet nulla.', '2023-04-24 01:35:59', '2022-06-03 09:18:48');
insert into comment (comment_id, member_id, article_id, content, created_at, modified_at) values (151, 7, 24, 'Etiam justo. Etiam pretium iaculis justo. In hac habitasse platea dictumst. Etiam faucibus cursus urna. Ut tellus. Nulla ut erat id mauris vulputate elementum. Nullam varius.', '2022-10-28 18:34:00', '2022-08-28 18:25:11');
insert into comment (comment_id, member_id, article_id, content, created_at, modified_at) values (152, 10, 99, 'In tempor, turpis nec euismod scelerisque, quam turpis adipiscing lorem, vitae mattis nibh ligula nec sem. Duis aliquam convallis nunc. Proin at turpis a pede posuere nonummy. Integer non velit. Donec diam neque, vestibulum eget, vulputate ut, ultrices vel, augue. Vestibulum ante ipsum primis in faucibus orci luctus et ultrices posuere cubilia Curae; Donec pharetra, magna vestibulum aliquet ultrices, erat tortor sollicitudin mi, sit amet lobortis sapien sapien non mi. Integer ac neque. Duis bibendum. Morbi non quam nec dui luctus rutrum.', '2022-10-02 22:44:11', '2023-04-25 04:12:30');
insert into comment (comment_id, member_id, article_id, content, created_at, modified_at) values (153, 1, 67, 'Maecenas rhoncus aliquam lacus. Morbi quis tortor id nulla ultrices aliquet. Maecenas leo odio, condimentum id, luctus nec, molestie sed, justo. Pellentesque viverra pede ac diam. Cras pellentesque volutpat dui. Maecenas tristique, est et tempus semper, est quam pharetra magna, ac consequat metus sapien ut nunc. Vestibulum ante ipsum primis in faucibus orci luctus et ultrices posuere cubilia Curae; Mauris viverra diam vitae quam.', '2022-07-20 16:36:09', '2022-08-07 16:50:14');
insert into comment (comment_id, member_id, article_id, content, created_at, modified_at) values (154, 3, 82, 'Vestibulum ante ipsum primis in faucibus orci luctus et ultrices posuere cubilia Curae; Duis faucibus accumsan odio. Curabitur convallis. Duis consequat dui nec nisi volutpat eleifend.', '2022-11-03 21:24:16', '2023-03-04 05:22:55');
insert into comment (comment_id, member_id, article_id, content, created_at, modified_at) values (155, 2, 10, 'Integer a nibh. In quis justo. Maecenas rhoncus aliquam lacus. Morbi quis tortor id nulla ultrices aliquet. Maecenas leo odio, condimentum id, luctus nec, molestie sed, justo. Pellentesque viverra pede ac diam. Cras pellentesque volutpat dui.', '2023-05-05 12:26:23', '2023-02-21 12:50:21');
insert into comment (comment_id, member_id, article_id, content, created_at, modified_at) values (156, 6, 65, 'Nulla ut erat id mauris vulputate elementum. Nullam varius. Nulla facilisi. Cras non velit nec nisi vulputate nonummy.', '2023-03-16 23:33:50', '2023-03-16 18:09:09');
insert into comment (comment_id, member_id, article_id, content, created_at, modified_at) values (157, 4, 1, 'Integer tincidunt ante vel ipsum. Praesent blandit lacinia erat. Vestibulum sed magna at nunc commodo placerat. Praesent blandit.', '2022-10-01 07:39:45', '2023-03-07 23:01:34');
insert into comment (comment_id, member_id, article_id, content, created_at, modified_at) values (158, 8, 30, 'Curabitur at ipsum ac tellus semper interdum. Mauris ullamcorper purus sit amet nulla. Quisque arcu libero, rutrum ac, lobortis vel, dapibus at, diam.', '2023-05-10 22:49:15', '2023-04-22 13:50:07');
insert into comment (comment_id, member_id, article_id, content, created_at, modified_at) values (159, 4, 53, 'Maecenas pulvinar lobortis est. Phasellus sit amet erat. Nulla tempus. Vivamus in felis eu sapien cursus vestibulum. Proin eu mi. Nulla ac enim. In tempor, turpis nec euismod scelerisque, quam turpis adipiscing lorem, vitae mattis nibh ligula nec sem. Duis aliquam convallis nunc. Proin at turpis a pede posuere nonummy.', '2022-05-17 09:18:13', '2022-09-26 17:20:51');
insert into comment (comment_id, member_id, article_id, content, created_at, modified_at) values (160, 4, 23, 'In hac habitasse platea dictumst. Etiam faucibus cursus urna. Ut tellus. Nulla ut erat id mauris vulputate elementum.', '2022-09-09 15:09:42', '2023-03-02 09:57:59');
insert into comment (comment_id, member_id, article_id, content, created_at, modified_at) values (161, 7, 72, 'Nullam sit amet turpis elementum ligula vehicula consequat.', '2023-04-26 16:02:34', '2022-07-17 07:17:07');
insert into comment (comment_id, member_id, article_id, content, created_at, modified_at) values (162, 3, 26, 'In sagittis dui vel nisl. Duis ac nibh. Fusce lacus purus, aliquet at, feugiat non, pretium quis, lectus. Suspendisse potenti.', '2023-03-23 21:08:06', '2023-05-05 08:47:50');
insert into comment (comment_id, member_id, article_id, content, created_at, modified_at) values (163, 4, 87, 'Aenean lectus. Pellentesque eget nunc. Donec quis orci eget orci vehicula condimentum. Curabitur in libero ut massa volutpat convallis. Morbi odio odio, elementum eu, interdum eu, tincidunt in, leo. Maecenas pulvinar lobortis est. Phasellus sit amet erat. Nulla tempus. Vivamus in felis eu sapien cursus vestibulum. Proin eu mi.', '2023-03-18 19:34:24', '2022-12-16 02:44:36');
insert into comment (comment_id, member_id, article_id, content, created_at, modified_at) values (164, 2, 80, 'Vestibulum ante ipsum primis in faucibus orci luctus et ultrices posuere cubilia Curae; Donec pharetra, magna vestibulum aliquet ultrices, erat tortor sollicitudin mi, sit amet lobortis sapien sapien non mi. Integer ac neque. Duis bibendum. Morbi non quam nec dui luctus rutrum. Nulla tellus. In sagittis dui vel nisl.', '2023-02-08 09:25:49', '2023-03-23 08:24:54');
insert into comment (comment_id, member_id, article_id, content, created_at, modified_at) values (165, 7, 81, 'Duis aliquam convallis nunc. Proin at turpis a pede posuere nonummy. Integer non velit. Donec diam neque, vestibulum eget, vulputate ut, ultrices vel, augue. Vestibulum ante ipsum primis in faucibus orci luctus et ultrices posuere cubilia Curae; Donec pharetra, magna vestibulum aliquet ultrices, erat tortor sollicitudin mi, sit amet lobortis sapien sapien non mi. Integer ac neque.', '2022-07-31 02:38:50', '2023-05-06 21:19:34');
insert into comment (comment_id, member_id, article_id, content, created_at, modified_at) values (166, 4, 33, 'Nulla mollis molestie lorem. Quisque ut erat. Curabitur gravida nisi at nibh. In hac habitasse platea dictumst. Aliquam augue quam, sollicitudin vitae, consectetuer eget, rutrum at, lorem.', '2022-09-19 12:34:22', '2022-10-17 05:40:35');
insert into comment (comment_id, member_id, article_id, content, created_at, modified_at) values (167, 4, 21, 'Aliquam augue quam, sollicitudin vitae, consectetuer eget, rutrum at, lorem. Integer tincidunt ante vel ipsum.', '2022-07-05 15:57:29', '2023-04-20 03:12:19');
insert into comment (comment_id, member_id, article_id, content, created_at, modified_at) values (168, 8, 96, 'Phasellus in felis. Donec semper sapien a libero. Nam dui.', '2023-04-16 20:42:31', '2022-09-21 11:30:48');
insert into comment (comment_id, member_id, article_id, content, created_at, modified_at) values (169, 1, 24, 'Pellentesque viverra pede ac diam. Cras pellentesque volutpat dui. Maecenas tristique, est et tempus semper, est quam pharetra magna, ac consequat metus sapien ut nunc. Vestibulum ante ipsum primis in faucibus orci luctus et ultrices posuere cubilia Curae; Mauris viverra diam vitae quam.', '2022-08-21 18:27:36', '2022-10-04 19:19:45');
insert into comment (comment_id, member_id, article_id, content, created_at, modified_at) values (170, 10, 83, 'Nulla facilisi. Cras non velit nec nisi vulputate nonummy. Maecenas tincidunt lacus at velit. Vivamus vel nulla eget eros elementum pellentesque. Quisque porta volutpat erat. Quisque erat eros, viverra eget, congue eget, semper rutrum, nulla.', '2022-06-13 10:27:18', '2022-10-27 05:37:30');
insert into comment (comment_id, member_id, article_id, content, created_at, modified_at) values (171, 8, 72, 'Donec vitae nisi. Nam ultrices, libero non mattis pulvinar, nulla pede ullamcorper augue, a suscipit nulla elit ac nulla. Sed vel enim sit amet nunc viverra dapibus. Nulla suscipit ligula in lacus. Curabitur at ipsum ac tellus semper interdum. Mauris ullamcorper purus sit amet nulla. Quisque arcu libero, rutrum ac, lobortis vel, dapibus at, diam.', '2022-11-26 15:56:06', '2022-07-28 10:03:20');
insert into comment (comment_id, member_id, article_id, content, created_at, modified_at) values (172, 9, 76, 'Praesent lectus. Vestibulum quam sapien, varius ut, blandit non, interdum in, ante.', '2022-10-25 05:13:06', '2023-04-30 04:13:07');
insert into comment (comment_id, member_id, article_id, content, created_at, modified_at) values (173, 5, 81, 'Integer aliquet, massa id lobortis convallis, tortor risus dapibus augue, vel accumsan tellus nisi eu orci.', '2023-02-12 22:37:42', '2023-02-08 23:06:15');
insert into comment (comment_id, member_id, article_id, content, created_at, modified_at) values (174, 1, 83, 'Integer ac neque. Duis bibendum. Morbi non quam nec dui luctus rutrum. Nulla tellus. In sagittis dui vel nisl. Duis ac nibh.', '2022-12-29 07:40:55', '2023-01-19 18:28:13');
insert into comment (comment_id, member_id, article_id, content, created_at, modified_at) values (175, 2, 60, 'Praesent id massa id nisl venenatis lacinia. Aenean sit amet justo. Morbi ut odio. Cras mi pede, malesuada in, imperdiet et, commodo vulputate, justo. In blandit ultrices enim. Lorem ipsum dolor sit amet, consectetuer adipiscing elit. Proin interdum mauris non ligula pellentesque ultrices. Phasellus id sapien in sapien iaculis congue. Vivamus metus arcu, adipiscing molestie, hendrerit at, vulputate vitae, nisl. Aenean lectus.', '2022-07-23 15:23:36', '2022-07-15 18:53:29');
insert into comment (comment_id, member_id, article_id, content, created_at, modified_at) values (176, 6, 29, 'Aenean sit amet justo. Morbi ut odio.', '2023-04-19 17:57:25', '2022-08-02 00:34:06');
insert into comment (comment_id, member_id, article_id, content, created_at, modified_at) values (177, 3, 73, 'Duis aliquam convallis nunc. Proin at turpis a pede posuere nonummy. Integer non velit. Donec diam neque, vestibulum eget, vulputate ut, ultrices vel, augue. Vestibulum ante ipsum primis in faucibus orci luctus et ultrices posuere cubilia Curae; Donec pharetra, magna vestibulum aliquet ultrices, erat tortor sollicitudin mi, sit amet lobortis sapien sapien non mi. Integer ac neque. Duis bibendum. Morbi non quam nec dui luctus rutrum.', '2022-12-18 04:06:34', '2023-04-30 09:07:19');
insert into comment (comment_id, member_id, article_id, content, created_at, modified_at) values (178, 3, 3, 'Nullam molestie nibh in lectus. Pellentesque at nulla. Suspendisse potenti. Cras in purus eu magna vulputate luctus.', '2022-09-27 15:41:52', '2023-02-03 10:13:55');
insert into comment (comment_id, member_id, article_id, content, created_at, modified_at) values (179, 3, 80, 'Nam congue, risus semper porta volutpat, quam pede lobortis ligula, sit amet eleifend pede libero quis orci. Nullam molestie nibh in lectus. Pellentesque at nulla. Suspendisse potenti. Cras in purus eu magna vulputate luctus. Cum sociis natoque penatibus et magnis dis parturient montes, nascetur ridiculus mus. Vivamus vestibulum sagittis sapien.', '2022-12-30 10:33:27', '2022-09-12 12:42:45');
insert into comment (comment_id, member_id, article_id, content, created_at, modified_at) values (180, 4, 2, 'Curabitur in libero ut massa volutpat convallis.', '2022-08-22 21:07:31', '2022-10-18 11:35:10');
insert into comment (comment_id, member_id, article_id, content, created_at, modified_at) values (181, 2, 93, 'Etiam faucibus cursus urna. Ut tellus.', '2022-06-14 05:25:19', '2022-07-01 07:13:57');
insert into comment (comment_id, member_id, article_id, content, created_at, modified_at) values (182, 10, 53, 'Vestibulum quam sapien, varius ut, blandit non, interdum in, ante. Vestibulum ante ipsum primis in faucibus orci luctus et ultrices posuere cubilia Curae; Duis faucibus accumsan odio. Curabitur convallis. Duis consequat dui nec nisi volutpat eleifend.', '2022-11-24 11:32:51', '2022-10-21 09:25:31');
insert into comment (comment_id, member_id, article_id, content, created_at, modified_at) values (183, 4, 44, 'Lorem ipsum dolor sit amet, consectetuer adipiscing elit. Proin interdum mauris non ligula pellentesque ultrices. Phasellus id sapien in sapien iaculis congue. Vivamus metus arcu, adipiscing molestie, hendrerit at, vulputate vitae, nisl.', '2022-05-28 20:15:06', '2022-06-28 13:19:51');
insert into comment (comment_id, member_id, article_id, content, created_at, modified_at) values (184, 7, 62, 'Donec ut mauris eget massa tempor convallis. Nulla neque libero, convallis eget, eleifend luctus, ultricies eu, nibh.', '2022-11-17 14:15:10', '2022-10-30 00:27:33');
insert into comment (comment_id, member_id, article_id, content, created_at, modified_at) values (185, 9, 38, 'Fusce lacus purus, aliquet at, feugiat non, pretium quis, lectus. Suspendisse potenti.', '2023-04-19 07:01:21', '2022-09-23 00:28:39');
insert into comment (comment_id, member_id, article_id, content, created_at, modified_at) values (186, 5, 67, 'Nulla neque libero, convallis eget, eleifend luctus, ultricies eu, nibh. Quisque id justo sit amet sapien dignissim vestibulum. Vestibulum ante ipsum primis in faucibus orci luctus et ultrices posuere cubilia Curae; Nulla dapibus dolor vel est. Donec odio justo, sollicitudin ut, suscipit a, feugiat et, eros. Vestibulum ac est lacinia nisi venenatis tristique. Fusce congue, diam id ornare imperdiet, sapien urna pretium nisl, ut volutpat sapien arcu sed augue. Aliquam erat volutpat. In congue. Etiam justo.', '2023-02-15 13:29:36', '2022-12-19 03:38:47');
insert into comment (comment_id, member_id, article_id, content, created_at, modified_at) values (187, 7, 42, 'Nulla nisl.', '2022-07-21 17:37:19', '2022-10-19 21:36:01');
insert into comment (comment_id, member_id, article_id, content, created_at, modified_at) values (188, 10, 11, 'Curabitur convallis. Duis consequat dui nec nisi volutpat eleifend. Donec ut dolor. Morbi vel lectus in quam fringilla rhoncus. Mauris enim leo, rhoncus sed, vestibulum sit amet, cursus id, turpis. Integer aliquet, massa id lobortis convallis, tortor risus dapibus augue, vel accumsan tellus nisi eu orci. Mauris lacinia sapien quis libero. Nullam sit amet turpis elementum ligula vehicula consequat.', '2022-11-06 15:01:35', '2022-10-12 21:08:23');
insert into comment (comment_id, member_id, article_id, content, created_at, modified_at) values (189, 10, 80, 'Quisque id justo sit amet sapien dignissim vestibulum. Vestibulum ante ipsum primis in faucibus orci luctus et ultrices posuere cubilia Curae; Nulla dapibus dolor vel est. Donec odio justo, sollicitudin ut, suscipit a, feugiat et, eros. Vestibulum ac est lacinia nisi venenatis tristique. Fusce congue, diam id ornare imperdiet, sapien urna pretium nisl, ut volutpat sapien arcu sed augue. Aliquam erat volutpat. In congue.', '2023-02-10 15:21:28', '2022-06-26 03:27:55');
insert into comment (comment_id, member_id, article_id, content, created_at, modified_at) values (190, 2, 44, 'Suspendisse potenti. In eleifend quam a odio. In hac habitasse platea dictumst. Maecenas ut massa quis augue luctus tincidunt.', '2022-09-18 12:54:17', '2023-04-09 11:21:55');
insert into comment (comment_id, member_id, article_id, content, created_at, modified_at) values (191, 1, 10, 'Phasellus in felis. Donec semper sapien a libero. Nam dui. Proin leo odio, porttitor id, consequat in, consequat ut, nulla. Sed accumsan felis. Ut at dolor quis odio consequat varius.', '2023-05-06 01:33:45', '2023-04-10 10:36:39');
insert into comment (comment_id, member_id, article_id, content, created_at, modified_at) values (192, 6, 88, 'Morbi ut odio. Cras mi pede, malesuada in, imperdiet et, commodo vulputate, justo. In blandit ultrices enim. Lorem ipsum dolor sit amet, consectetuer adipiscing elit.', '2022-06-17 20:04:54', '2023-05-01 09:23:08');
insert into comment (comment_id, member_id, article_id, content, created_at, modified_at) values (193, 3, 59, 'Quisque ut erat.', '2022-12-26 15:01:02', '2022-07-15 14:05:33');
insert into comment (comment_id, member_id, article_id, content, created_at, modified_at) values (194, 1, 92, 'Cras in purus eu magna vulputate luctus. Cum sociis natoque penatibus et magnis dis parturient montes, nascetur ridiculus mus. Vivamus vestibulum sagittis sapien. Cum sociis natoque penatibus et magnis dis parturient montes, nascetur ridiculus mus. Etiam vel augue. Vestibulum rutrum rutrum neque. Aenean auctor gravida sem.', '2023-02-01 02:25:22', '2022-09-11 11:31:29');
insert into comment (comment_id, member_id, article_id, content, created_at, modified_at) values (195, 2, 49, 'In tempor, turpis nec euismod scelerisque, quam turpis adipiscing lorem, vitae mattis nibh ligula nec sem.', '2023-04-22 12:48:09', '2023-03-28 20:08:43');
insert into comment (comment_id, member_id, article_id, content, created_at, modified_at) values (196, 6, 47, 'Proin leo odio, porttitor id, consequat in, consequat ut, nulla. Sed accumsan felis. Ut at dolor quis odio consequat varius. Integer ac leo. Pellentesque ultrices mattis odio. Donec vitae nisi. Nam ultrices, libero non mattis pulvinar, nulla pede ullamcorper augue, a suscipit nulla elit ac nulla. Sed vel enim sit amet nunc viverra dapibus. Nulla suscipit ligula in lacus.', '2022-11-16 19:16:39', '2022-08-08 04:11:14');
insert into comment (comment_id, member_id, article_id, content, created_at, modified_at) values (197, 6, 35, 'Pellentesque eget nunc. Donec quis orci eget orci vehicula condimentum. Curabitur in libero ut massa volutpat convallis. Morbi odio odio, elementum eu, interdum eu, tincidunt in, leo. Maecenas pulvinar lobortis est. Phasellus sit amet erat. Nulla tempus.', '2022-08-02 06:22:10', '2022-05-26 20:08:36');
insert into comment (comment_id, member_id, article_id, content, created_at, modified_at) values (198, 5, 40, 'Sed ante. Vivamus tortor. Duis mattis egestas metus. Aenean fermentum. Donec ut mauris eget massa tempor convallis. Nulla neque libero, convallis eget, eleifend luctus, ultricies eu, nibh. Quisque id justo sit amet sapien dignissim vestibulum. Vestibulum ante ipsum primis in faucibus orci luctus et ultrices posuere cubilia Curae; Nulla dapibus dolor vel est. Donec odio justo, sollicitudin ut, suscipit a, feugiat et, eros.', '2022-06-17 18:17:32', '2022-12-23 23:39:18');
insert into comment (comment_id, member_id, article_id, content, created_at, modified_at) values (199, 3, 31, 'Morbi non quam nec dui luctus rutrum. Nulla tellus. In sagittis dui vel nisl. Duis ac nibh. Fusce lacus purus, aliquet at, feugiat non, pretium quis, lectus. Suspendisse potenti. In eleifend quam a odio.', '2022-08-13 15:43:53', '2023-01-15 11:32:55');
insert into comment (comment_id, member_id, article_id, content, created_at, modified_at) values (200, 3, 20, 'Aenean auctor gravida sem. Praesent id massa id nisl venenatis lacinia. Aenean sit amet justo. Morbi ut odio. Cras mi pede, malesuada in, imperdiet et, commodo vulputate, justo. In blandit ultrices enim. Lorem ipsum dolor sit amet, consectetuer adipiscing elit.', '2022-08-29 12:19:20', '2022-12-21 09:44:02');
insert into comment (comment_id, member_id, article_id, content, created_at, modified_at) values (201, 7, 95, 'Nullam porttitor lacus at turpis. Donec posuere metus vitae ipsum. Aliquam non mauris.', '2023-02-17 01:39:04', '2023-01-20 01:59:37');
insert into comment (comment_id, member_id, article_id, content, created_at, modified_at) values (202, 8, 79, 'Nam congue, risus semper porta volutpat, quam pede lobortis ligula, sit amet eleifend pede libero quis orci. Nullam molestie nibh in lectus. Pellentesque at nulla. Suspendisse potenti.', '2022-12-14 01:19:28', '2022-07-02 14:57:19');
insert into comment (comment_id, member_id, article_id, content, created_at, modified_at) values (203, 1, 74, 'Integer ac neque. Duis bibendum. Morbi non quam nec dui luctus rutrum. Nulla tellus. In sagittis dui vel nisl.', '2022-08-14 18:51:23', '2023-04-05 06:37:26');
insert into comment (comment_id, member_id, article_id, content, created_at, modified_at) values (204, 3, 19, 'Suspendisse accumsan tortor quis turpis. Sed ante. Vivamus tortor. Duis mattis egestas metus. Aenean fermentum. Donec ut mauris eget massa tempor convallis. Nulla neque libero, convallis eget, eleifend luctus, ultricies eu, nibh.', '2023-02-07 02:38:53', '2022-06-19 04:17:44');
insert into comment (comment_id, member_id, article_id, content, created_at, modified_at) values (205, 6, 72, 'Vestibulum ante ipsum primis in faucibus orci luctus et ultrices posuere cubilia Curae; Donec pharetra, magna vestibulum aliquet ultrices, erat tortor sollicitudin mi, sit amet lobortis sapien sapien non mi. Integer ac neque. Duis bibendum. Morbi non quam nec dui luctus rutrum. Nulla tellus. In sagittis dui vel nisl. Duis ac nibh. Fusce lacus purus, aliquet at, feugiat non, pretium quis, lectus.', '2023-02-25 00:20:42', '2022-10-18 17:01:08');
insert into comment (comment_id, member_id, article_id, content, created_at, modified_at) values (206, 6, 90, 'Maecenas ut massa quis augue luctus tincidunt. Nulla mollis molestie lorem. Quisque ut erat. Curabitur gravida nisi at nibh. In hac habitasse platea dictumst.', '2023-03-16 10:31:32', '2022-08-21 05:27:06');
insert into comment (comment_id, member_id, article_id, content, created_at, modified_at) values (207, 4, 3, 'Vestibulum ante ipsum primis in faucibus orci luctus et ultrices posuere cubilia Curae; Nulla dapibus dolor vel est. Donec odio justo, sollicitudin ut, suscipit a, feugiat et, eros. Vestibulum ac est lacinia nisi venenatis tristique. Fusce congue, diam id ornare imperdiet, sapien urna pretium nisl, ut volutpat sapien arcu sed augue. Aliquam erat volutpat. In congue. Etiam justo.', '2022-09-01 06:04:33', '2022-07-13 19:20:48');
insert into comment (comment_id, member_id, article_id, content, created_at, modified_at) values (208, 8, 69, 'Vestibulum rutrum rutrum neque. Aenean auctor gravida sem. Praesent id massa id nisl venenatis lacinia. Aenean sit amet justo. Morbi ut odio. Cras mi pede, malesuada in, imperdiet et, commodo vulputate, justo. In blandit ultrices enim. Lorem ipsum dolor sit amet, consectetuer adipiscing elit. Proin interdum mauris non ligula pellentesque ultrices. Phasellus id sapien in sapien iaculis congue.', '2022-10-28 09:45:23', '2022-12-19 08:05:52');
insert into comment (comment_id, member_id, article_id, content, created_at, modified_at) values (209, 4, 63, 'Duis bibendum, felis sed interdum venenatis, turpis enim blandit mi, in porttitor pede justo eu massa. Donec dapibus. Duis at velit eu est congue elementum. In hac habitasse platea dictumst.', '2023-04-19 00:15:25', '2022-06-25 19:13:03');
insert into comment (comment_id, member_id, article_id, content, created_at, modified_at) values (210, 9, 78, 'Morbi vel lectus in quam fringilla rhoncus.', '2023-02-25 18:59:03', '2022-10-13 10:37:02');
insert into comment (comment_id, member_id, article_id, content, created_at, modified_at) values (211, 3, 74, 'Nam nulla. Integer pede justo, lacinia eget, tincidunt eget, tempus vel, pede. Morbi porttitor lorem id ligula.', '2022-09-23 23:50:13', '2023-04-01 01:24:14');
insert into comment (comment_id, member_id, article_id, content, created_at, modified_at) values (212, 6, 91, 'Quisque porta volutpat erat. Quisque erat eros, viverra eget, congue eget, semper rutrum, nulla. Nunc purus. Phasellus in felis.', '2022-10-20 09:38:50', '2023-05-02 22:57:52');
insert into comment (comment_id, member_id, article_id, content, created_at, modified_at) values (213, 3, 47, 'Cras pellentesque volutpat dui. Maecenas tristique, est et tempus semper, est quam pharetra magna, ac consequat metus sapien ut nunc.', '2022-09-26 20:43:56', '2023-01-05 23:41:33');
insert into comment (comment_id, member_id, article_id, content, created_at, modified_at) values (214, 3, 63, 'Suspendisse potenti. Nullam porttitor lacus at turpis. Donec posuere metus vitae ipsum. Aliquam non mauris. Morbi non lectus. Aliquam sit amet diam in magna bibendum imperdiet. Nullam orci pede, venenatis non, sodales sed, tincidunt eu, felis. Fusce posuere felis sed lacus.', '2022-09-01 20:35:38', '2022-07-10 18:45:19');
insert into comment (comment_id, member_id, article_id, content, created_at, modified_at) values (215, 5, 68, 'Duis bibendum, felis sed interdum venenatis, turpis enim blandit mi, in porttitor pede justo eu massa. Donec dapibus. Duis at velit eu est congue elementum. In hac habitasse platea dictumst. Morbi vestibulum, velit id pretium iaculis, diam erat fermentum justo, nec condimentum neque sapien placerat ante.', '2022-11-11 17:36:52', '2022-10-08 23:46:56');
insert into comment (comment_id, member_id, article_id, content, created_at, modified_at) values (216, 1, 36, 'Etiam faucibus cursus urna. Ut tellus.', '2023-02-14 10:44:54', '2022-05-14 16:24:35');
insert into comment (comment_id, member_id, article_id, content, created_at, modified_at) values (217, 7, 28, 'Cras in purus eu magna vulputate luctus. Cum sociis natoque penatibus et magnis dis parturient montes, nascetur ridiculus mus. Vivamus vestibulum sagittis sapien. Cum sociis natoque penatibus et magnis dis parturient montes, nascetur ridiculus mus. Etiam vel augue.', '2023-02-20 19:05:22', '2023-03-01 21:38:16');
insert into comment (comment_id, member_id, article_id, content, created_at, modified_at) values (218, 4, 51, 'Quisque erat eros, viverra eget, congue eget, semper rutrum, nulla. Nunc purus. Phasellus in felis. Donec semper sapien a libero. Nam dui. Proin leo odio, porttitor id, consequat in, consequat ut, nulla. Sed accumsan felis. Ut at dolor quis odio consequat varius. Integer ac leo. Pellentesque ultrices mattis odio.', '2022-05-19 23:13:01', '2023-01-27 04:02:34');
insert into comment (comment_id, member_id, article_id, content, created_at, modified_at) values (219, 5, 76, 'Nunc purus. Phasellus in felis. Donec semper sapien a libero.', '2022-07-18 00:13:59', '2023-03-29 22:34:28');
insert into comment (comment_id, member_id, article_id, content, created_at, modified_at) values (220, 3, 38, 'Suspendisse potenti. In eleifend quam a odio. In hac habitasse platea dictumst. Maecenas ut massa quis augue luctus tincidunt. Nulla mollis molestie lorem. Quisque ut erat. Curabitur gravida nisi at nibh. In hac habitasse platea dictumst.', '2023-05-06 15:18:55', '2023-02-28 17:11:38');
insert into comment (comment_id, member_id, article_id, content, created_at, modified_at) values (221, 7, 87, 'Proin leo odio, porttitor id, consequat in, consequat ut, nulla. Sed accumsan felis. Ut at dolor quis odio consequat varius. Integer ac leo. Pellentesque ultrices mattis odio. Donec vitae nisi. Nam ultrices, libero non mattis pulvinar, nulla pede ullamcorper augue, a suscipit nulla elit ac nulla.', '2023-03-17 16:01:36', '2022-10-21 11:48:47');
insert into comment (comment_id, member_id, article_id, content, created_at, modified_at) values (222, 3, 53, 'Donec ut dolor.', '2023-02-02 02:48:58', '2022-05-27 20:33:48');
insert into comment (comment_id, member_id, article_id, content, created_at, modified_at) values (223, 7, 60, 'Pellentesque viverra pede ac diam. Cras pellentesque volutpat dui. Maecenas tristique, est et tempus semper, est quam pharetra magna, ac consequat metus sapien ut nunc. Vestibulum ante ipsum primis in faucibus orci luctus et ultrices posuere cubilia Curae; Mauris viverra diam vitae quam. Suspendisse potenti. Nullam porttitor lacus at turpis. Donec posuere metus vitae ipsum. Aliquam non mauris. Morbi non lectus. Aliquam sit amet diam in magna bibendum imperdiet.', '2023-04-06 17:49:16', '2023-01-17 15:26:29');
insert into comment (comment_id, member_id, article_id, content, created_at, modified_at) values (224, 4, 68, 'Cras non velit nec nisi vulputate nonummy. Maecenas tincidunt lacus at velit. Vivamus vel nulla eget eros elementum pellentesque.', '2022-08-15 09:38:25', '2022-10-24 02:24:30');
insert into comment (comment_id, member_id, article_id, content, created_at, modified_at) values (225, 10, 5, 'Morbi odio odio, elementum eu, interdum eu, tincidunt in, leo. Maecenas pulvinar lobortis est. Phasellus sit amet erat. Nulla tempus. Vivamus in felis eu sapien cursus vestibulum. Proin eu mi. Nulla ac enim. In tempor, turpis nec euismod scelerisque, quam turpis adipiscing lorem, vitae mattis nibh ligula nec sem. Duis aliquam convallis nunc.', '2022-11-14 02:28:33', '2023-05-09 11:40:14');
insert into comment (comment_id, member_id, article_id, content, created_at, modified_at) values (226, 2, 55, 'Fusce congue, diam id ornare imperdiet, sapien urna pretium nisl, ut volutpat sapien arcu sed augue. Aliquam erat volutpat. In congue. Etiam justo. Etiam pretium iaculis justo. In hac habitasse platea dictumst. Etiam faucibus cursus urna.', '2022-08-29 18:15:53', '2022-07-07 09:11:23');
insert into comment (comment_id, member_id, article_id, content, created_at, modified_at) values (227, 7, 19, 'In hac habitasse platea dictumst. Maecenas ut massa quis augue luctus tincidunt. Nulla mollis molestie lorem. Quisque ut erat. Curabitur gravida nisi at nibh.', '2022-06-15 00:59:51', '2022-07-08 06:22:31');
insert into comment (comment_id, member_id, article_id, content, created_at, modified_at) values (228, 5, 13, 'In eleifend quam a odio.', '2022-08-20 07:12:31', '2023-04-23 08:42:56');
insert into comment (comment_id, member_id, article_id, content, created_at, modified_at) values (229, 6, 65, 'Morbi sem mauris, laoreet ut, rhoncus aliquet, pulvinar sed, nisl. Nunc rhoncus dui vel sem. Sed sagittis. Nam congue, risus semper porta volutpat, quam pede lobortis ligula, sit amet eleifend pede libero quis orci.', '2023-03-10 18:37:05', '2023-03-19 22:29:17');
insert into comment (comment_id, member_id, article_id, content, created_at, modified_at) values (230, 2, 29, 'Cras non velit nec nisi vulputate nonummy. Maecenas tincidunt lacus at velit. Vivamus vel nulla eget eros elementum pellentesque. Quisque porta volutpat erat. Quisque erat eros, viverra eget, congue eget, semper rutrum, nulla. Nunc purus. Phasellus in felis. Donec semper sapien a libero. Nam dui.', '2022-06-28 02:46:40', '2023-02-14 16:25:14');
insert into comment (comment_id, member_id, article_id, content, created_at, modified_at) values (231, 3, 94, 'Phasellus sit amet erat. Nulla tempus. Vivamus in felis eu sapien cursus vestibulum. Proin eu mi. Nulla ac enim. In tempor, turpis nec euismod scelerisque, quam turpis adipiscing lorem, vitae mattis nibh ligula nec sem. Duis aliquam convallis nunc.', '2022-12-20 03:46:36', '2023-03-08 02:17:43');
insert into comment (comment_id, member_id, article_id, content, created_at, modified_at) values (232, 4, 85, 'Maecenas leo odio, condimentum id, luctus nec, molestie sed, justo. Pellentesque viverra pede ac diam. Cras pellentesque volutpat dui.', '2023-03-01 19:15:46', '2022-06-10 16:53:34');
insert into comment (comment_id, member_id, article_id, content, created_at, modified_at) values (233, 3, 99, 'In est risus, auctor sed, tristique in, tempus sit amet, sem. Fusce consequat. Nulla nisl. Nunc nisl. Duis bibendum, felis sed interdum venenatis, turpis enim blandit mi, in porttitor pede justo eu massa.', '2022-11-06 13:15:17', '2022-07-30 05:47:19');
insert into comment (comment_id, member_id, article_id, content, created_at, modified_at) values (234, 9, 19, 'Curabitur gravida nisi at nibh. In hac habitasse platea dictumst. Aliquam augue quam, sollicitudin vitae, consectetuer eget, rutrum at, lorem. Integer tincidunt ante vel ipsum. Praesent blandit lacinia erat. Vestibulum sed magna at nunc commodo placerat. Praesent blandit. Nam nulla. Integer pede justo, lacinia eget, tincidunt eget, tempus vel, pede.', '2023-02-22 15:50:55', '2022-07-07 23:43:36');
insert into comment (comment_id, member_id, article_id, content, created_at, modified_at) values (235, 3, 64, 'Nullam sit amet turpis elementum ligula vehicula consequat. Morbi a ipsum. Integer a nibh. In quis justo. Maecenas rhoncus aliquam lacus. Morbi quis tortor id nulla ultrices aliquet. Maecenas leo odio, condimentum id, luctus nec, molestie sed, justo. Pellentesque viverra pede ac diam. Cras pellentesque volutpat dui. Maecenas tristique, est et tempus semper, est quam pharetra magna, ac consequat metus sapien ut nunc.', '2023-03-01 05:26:19', '2023-01-14 08:06:47');
insert into comment (comment_id, member_id, article_id, content, created_at, modified_at) values (236, 9, 3, 'Duis aliquam convallis nunc. Proin at turpis a pede posuere nonummy. Integer non velit. Donec diam neque, vestibulum eget, vulputate ut, ultrices vel, augue.', '2022-12-20 02:26:19', '2022-08-22 16:36:19');
insert into comment (comment_id, member_id, article_id, content, created_at, modified_at) values (237, 3, 9, 'Duis bibendum, felis sed interdum venenatis, turpis enim blandit mi, in porttitor pede justo eu massa. Donec dapibus. Duis at velit eu est congue elementum. In hac habitasse platea dictumst. Morbi vestibulum, velit id pretium iaculis, diam erat fermentum justo, nec condimentum neque sapien placerat ante. Nulla justo. Aliquam quis turpis eget elit sodales scelerisque. Mauris sit amet eros.', '2023-01-31 17:08:02', '2023-04-14 13:44:49');
insert into comment (comment_id, member_id, article_id, content, created_at, modified_at) values (238, 3, 96, 'Morbi ut odio. Cras mi pede, malesuada in, imperdiet et, commodo vulputate, justo. In blandit ultrices enim.', '2022-07-31 16:56:18', '2022-08-31 04:30:24');
insert into comment (comment_id, member_id, article_id, content, created_at, modified_at) values (239, 4, 83, 'Vivamus vel nulla eget eros elementum pellentesque.', '2023-04-13 21:53:25', '2022-12-06 20:27:21');
insert into comment (comment_id, member_id, article_id, content, created_at, modified_at) values (240, 8, 12, 'Pellentesque at nulla. Suspendisse potenti. Cras in purus eu magna vulputate luctus. Cum sociis natoque penatibus et magnis dis parturient montes, nascetur ridiculus mus. Vivamus vestibulum sagittis sapien. Cum sociis natoque penatibus et magnis dis parturient montes, nascetur ridiculus mus. Etiam vel augue.', '2022-10-16 09:21:03', '2022-07-27 18:37:35');
insert into comment (comment_id, member_id, article_id, content, created_at, modified_at) values (241, 8, 73, 'In hac habitasse platea dictumst. Morbi vestibulum, velit id pretium iaculis, diam erat fermentum justo, nec condimentum neque sapien placerat ante. Nulla justo.', '2022-12-22 06:32:29', '2022-09-08 15:49:02');
insert into comment (comment_id, member_id, article_id, content, created_at, modified_at) values (242, 3, 5, 'Praesent id massa id nisl venenatis lacinia. Aenean sit amet justo. Morbi ut odio. Cras mi pede, malesuada in, imperdiet et, commodo vulputate, justo. In blandit ultrices enim. Lorem ipsum dolor sit amet, consectetuer adipiscing elit. Proin interdum mauris non ligula pellentesque ultrices. Phasellus id sapien in sapien iaculis congue. Vivamus metus arcu, adipiscing molestie, hendrerit at, vulputate vitae, nisl. Aenean lectus.', '2022-11-09 03:21:10', '2022-06-06 10:49:14');
insert into comment (comment_id, member_id, article_id, content, created_at, modified_at) values (243, 3, 11, 'Duis bibendum, felis sed interdum venenatis, turpis enim blandit mi, in porttitor pede justo eu massa. Donec dapibus. Duis at velit eu est congue elementum. In hac habitasse platea dictumst. Morbi vestibulum, velit id pretium iaculis, diam erat fermentum justo, nec condimentum neque sapien placerat ante. Nulla justo. Aliquam quis turpis eget elit sodales scelerisque. Mauris sit amet eros. Suspendisse accumsan tortor quis turpis.', '2023-01-05 15:52:27', '2022-09-26 12:41:16');
insert into comment (comment_id, member_id, article_id, content, created_at, modified_at) values (244, 1, 42, 'Nullam varius.', '2023-03-06 07:41:02', '2022-09-28 19:40:46');
insert into comment (comment_id, member_id, article_id, content, created_at, modified_at) values (245, 2, 17, 'Morbi vel lectus in quam fringilla rhoncus. Mauris enim leo, rhoncus sed, vestibulum sit amet, cursus id, turpis. Integer aliquet, massa id lobortis convallis, tortor risus dapibus augue, vel accumsan tellus nisi eu orci. Mauris lacinia sapien quis libero. Nullam sit amet turpis elementum ligula vehicula consequat. Morbi a ipsum. Integer a nibh. In quis justo. Maecenas rhoncus aliquam lacus. Morbi quis tortor id nulla ultrices aliquet.', '2023-02-01 22:55:06', '2023-02-19 13:14:52');
insert into comment (comment_id, member_id, article_id, content, created_at, modified_at) values (246, 9, 85, 'Aenean fermentum. Donec ut mauris eget massa tempor convallis. Nulla neque libero, convallis eget, eleifend luctus, ultricies eu, nibh. Quisque id justo sit amet sapien dignissim vestibulum. Vestibulum ante ipsum primis in faucibus orci luctus et ultrices posuere cubilia Curae; Nulla dapibus dolor vel est. Donec odio justo, sollicitudin ut, suscipit a, feugiat et, eros. Vestibulum ac est lacinia nisi venenatis tristique. Fusce congue, diam id ornare imperdiet, sapien urna pretium nisl, ut volutpat sapien arcu sed augue.', '2023-01-26 05:17:14', '2023-01-06 16:54:36');
insert into comment (comment_id, member_id, article_id, content, created_at, modified_at) values (247, 2, 47, 'Nullam varius.', '2023-02-05 10:56:35', '2022-06-11 01:13:59');
insert into comment (comment_id, member_id, article_id, content, created_at, modified_at) values (248, 10, 4, 'Vestibulum ante ipsum primis in faucibus orci luctus et ultrices posuere cubilia Curae; Nulla dapibus dolor vel est. Donec odio justo, sollicitudin ut, suscipit a, feugiat et, eros. Vestibulum ac est lacinia nisi venenatis tristique.', '2023-02-17 23:08:34', '2023-03-28 15:52:31');
insert into comment (comment_id, member_id, article_id, content, created_at, modified_at) values (249, 5, 25, 'Donec ut mauris eget massa tempor convallis. Nulla neque libero, convallis eget, eleifend luctus, ultricies eu, nibh. Quisque id justo sit amet sapien dignissim vestibulum. Vestibulum ante ipsum primis in faucibus orci luctus et ultrices posuere cubilia Curae; Nulla dapibus dolor vel est. Donec odio justo, sollicitudin ut, suscipit a, feugiat et, eros. Vestibulum ac est lacinia nisi venenatis tristique. Fusce congue, diam id ornare imperdiet, sapien urna pretium nisl, ut volutpat sapien arcu sed augue. Aliquam erat volutpat. In congue. Etiam justo.', '2022-12-24 06:25:31', '2022-10-16 17:12:18');
insert into comment (comment_id, member_id, article_id, content, created_at, modified_at) values (250, 9, 9, 'Fusce congue, diam id ornare imperdiet, sapien urna pretium nisl, ut volutpat sapien arcu sed augue. Aliquam erat volutpat. In congue. Etiam justo.', '2023-03-24 08:44:31', '2022-08-09 03:01:56');
insert into comment (comment_id, member_id, article_id, content, created_at, modified_at) values (251, 5, 57, 'Aenean lectus. Pellentesque eget nunc.', '2023-05-06 17:54:45', '2023-05-08 11:17:44');
insert into comment (comment_id, member_id, article_id, content, created_at, modified_at) values (252, 6, 100, 'Pellentesque eget nunc. Donec quis orci eget orci vehicula condimentum. Curabitur in libero ut massa volutpat convallis.', '2022-06-23 20:45:15', '2022-05-19 06:21:31');
insert into comment (comment_id, member_id, article_id, content, created_at, modified_at) values (253, 10, 59, 'Aliquam quis turpis eget elit sodales scelerisque. Mauris sit amet eros. Suspendisse accumsan tortor quis turpis. Sed ante. Vivamus tortor. Duis mattis egestas metus. Aenean fermentum. Donec ut mauris eget massa tempor convallis.', '2022-07-27 23:14:43', '2023-02-27 13:51:56');
insert into comment (comment_id, member_id, article_id, content, created_at, modified_at) values (254, 1, 55, 'Aliquam quis turpis eget elit sodales scelerisque. Mauris sit amet eros. Suspendisse accumsan tortor quis turpis.', '2022-09-10 04:50:24', '2022-10-15 23:24:38');
insert into comment (comment_id, member_id, article_id, content, created_at, modified_at) values (255, 4, 53, 'Donec diam neque, vestibulum eget, vulputate ut, ultrices vel, augue. Vestibulum ante ipsum primis in faucibus orci luctus et ultrices posuere cubilia Curae; Donec pharetra, magna vestibulum aliquet ultrices, erat tortor sollicitudin mi, sit amet lobortis sapien sapien non mi. Integer ac neque. Duis bibendum.', '2023-02-28 06:36:46', '2022-05-25 23:42:11');
insert into comment (comment_id, member_id, article_id, content, created_at, modified_at) values (256, 1, 22, 'Curabitur gravida nisi at nibh. In hac habitasse platea dictumst. Aliquam augue quam, sollicitudin vitae, consectetuer eget, rutrum at, lorem. Integer tincidunt ante vel ipsum. Praesent blandit lacinia erat. Vestibulum sed magna at nunc commodo placerat. Praesent blandit. Nam nulla. Integer pede justo, lacinia eget, tincidunt eget, tempus vel, pede.', '2022-06-27 15:49:11', '2022-06-16 23:51:06');
insert into comment (comment_id, member_id, article_id, content, created_at, modified_at) values (257, 8, 100, 'Praesent blandit lacinia erat. Vestibulum sed magna at nunc commodo placerat. Praesent blandit. Nam nulla. Integer pede justo, lacinia eget, tincidunt eget, tempus vel, pede. Morbi porttitor lorem id ligula. Suspendisse ornare consequat lectus. In est risus, auctor sed, tristique in, tempus sit amet, sem. Fusce consequat.', '2022-11-27 07:41:08', '2022-06-10 19:01:49');
insert into comment (comment_id, member_id, article_id, content, created_at, modified_at) values (258, 2, 52, 'Praesent lectus. Vestibulum quam sapien, varius ut, blandit non, interdum in, ante.', '2023-04-05 17:37:39', '2023-01-06 16:17:44');
insert into comment (comment_id, member_id, article_id, content, created_at, modified_at) values (259, 10, 99, 'Fusce consequat. Nulla nisl. Nunc nisl.', '2022-09-14 22:42:00', '2022-08-31 03:25:01');
insert into comment (comment_id, member_id, article_id, content, created_at, modified_at) values (260, 4, 41, 'Proin eu mi. Nulla ac enim. In tempor, turpis nec euismod scelerisque, quam turpis adipiscing lorem, vitae mattis nibh ligula nec sem.', '2022-10-17 21:31:52', '2023-03-28 02:16:49');
insert into comment (comment_id, member_id, article_id, content, created_at, modified_at) values (261, 3, 8, 'Integer tincidunt ante vel ipsum. Praesent blandit lacinia erat. Vestibulum sed magna at nunc commodo placerat. Praesent blandit. Nam nulla.', '2022-06-29 17:30:51', '2023-01-07 05:27:49');
insert into comment (comment_id, member_id, article_id, content, created_at, modified_at) values (262, 7, 54, 'Pellentesque viverra pede ac diam. Cras pellentesque volutpat dui. Maecenas tristique, est et tempus semper, est quam pharetra magna, ac consequat metus sapien ut nunc. Vestibulum ante ipsum primis in faucibus orci luctus et ultrices posuere cubilia Curae; Mauris viverra diam vitae quam. Suspendisse potenti. Nullam porttitor lacus at turpis.', '2023-03-01 12:16:16', '2023-01-14 13:30:41');
insert into comment (comment_id, member_id, article_id, content, created_at, modified_at) values (263, 4, 78, 'Donec quis orci eget orci vehicula condimentum. Curabitur in libero ut massa volutpat convallis. Morbi odio odio, elementum eu, interdum eu, tincidunt in, leo. Maecenas pulvinar lobortis est. Phasellus sit amet erat. Nulla tempus. Vivamus in felis eu sapien cursus vestibulum.', '2022-10-29 23:35:35', '2023-03-22 07:28:13');
insert into comment (comment_id, member_id, article_id, content, created_at, modified_at) values (264, 4, 23, 'Vestibulum ante ipsum primis in faucibus orci luctus et ultrices posuere cubilia Curae; Nulla dapibus dolor vel est. Donec odio justo, sollicitudin ut, suscipit a, feugiat et, eros. Vestibulum ac est lacinia nisi venenatis tristique. Fusce congue, diam id ornare imperdiet, sapien urna pretium nisl, ut volutpat sapien arcu sed augue. Aliquam erat volutpat.', '2023-02-01 21:12:13', '2022-07-14 23:47:03');
insert into comment (comment_id, member_id, article_id, content, created_at, modified_at) values (265, 3, 39, 'Nam congue, risus semper porta volutpat, quam pede lobortis ligula, sit amet eleifend pede libero quis orci. Nullam molestie nibh in lectus. Pellentesque at nulla. Suspendisse potenti. Cras in purus eu magna vulputate luctus. Cum sociis natoque penatibus et magnis dis parturient montes, nascetur ridiculus mus. Vivamus vestibulum sagittis sapien. Cum sociis natoque penatibus et magnis dis parturient montes, nascetur ridiculus mus.', '2022-05-18 09:02:56', '2022-08-18 09:44:29');
insert into comment (comment_id, member_id, article_id, content, created_at, modified_at) values (266, 3, 81, 'Praesent blandit lacinia erat. Vestibulum sed magna at nunc commodo placerat. Praesent blandit. Nam nulla. Integer pede justo, lacinia eget, tincidunt eget, tempus vel, pede. Morbi porttitor lorem id ligula. Suspendisse ornare consequat lectus.', '2023-01-27 12:54:37', '2022-06-05 00:16:14');
insert into comment (comment_id, member_id, article_id, content, created_at, modified_at) values (267, 9, 34, 'Vivamus tortor. Duis mattis egestas metus. Aenean fermentum. Donec ut mauris eget massa tempor convallis. Nulla neque libero, convallis eget, eleifend luctus, ultricies eu, nibh. Quisque id justo sit amet sapien dignissim vestibulum. Vestibulum ante ipsum primis in faucibus orci luctus et ultrices posuere cubilia Curae; Nulla dapibus dolor vel est.', '2022-07-15 00:49:51', '2022-06-20 13:15:12');
insert into comment (comment_id, member_id, article_id, content, created_at, modified_at) values (268, 10, 70, 'Proin eu mi. Nulla ac enim. In tempor, turpis nec euismod scelerisque, quam turpis adipiscing lorem, vitae mattis nibh ligula nec sem. Duis aliquam convallis nunc. Proin at turpis a pede posuere nonummy. Integer non velit. Donec diam neque, vestibulum eget, vulputate ut, ultrices vel, augue. Vestibulum ante ipsum primis in faucibus orci luctus et ultrices posuere cubilia Curae; Donec pharetra, magna vestibulum aliquet ultrices, erat tortor sollicitudin mi, sit amet lobortis sapien sapien non mi. Integer ac neque.', '2023-05-11 21:30:41', '2022-08-21 03:26:25');
insert into comment (comment_id, member_id, article_id, content, created_at, modified_at) values (269, 4, 16, 'Cras mi pede, malesuada in, imperdiet et, commodo vulputate, justo.', '2023-03-01 23:16:26', '2022-11-09 17:03:38');
insert into comment (comment_id, member_id, article_id, content, created_at, modified_at) values (270, 7, 19, 'Nullam varius. Nulla facilisi. Cras non velit nec nisi vulputate nonummy. Maecenas tincidunt lacus at velit. Vivamus vel nulla eget eros elementum pellentesque.', '2023-02-20 23:03:22', '2022-07-31 02:01:52');
insert into comment (comment_id, member_id, article_id, content, created_at, modified_at) values (271, 9, 82, 'Vestibulum ante ipsum primis in faucibus orci luctus et ultrices posuere cubilia Curae; Nulla dapibus dolor vel est. Donec odio justo, sollicitudin ut, suscipit a, feugiat et, eros. Vestibulum ac est lacinia nisi venenatis tristique. Fusce congue, diam id ornare imperdiet, sapien urna pretium nisl, ut volutpat sapien arcu sed augue. Aliquam erat volutpat.', '2023-04-26 14:48:47', '2023-03-29 12:58:12');
insert into comment (comment_id, member_id, article_id, content, created_at, modified_at) values (272, 5, 7, 'Morbi a ipsum. Integer a nibh. In quis justo. Maecenas rhoncus aliquam lacus. Morbi quis tortor id nulla ultrices aliquet. Maecenas leo odio, condimentum id, luctus nec, molestie sed, justo. Pellentesque viverra pede ac diam. Cras pellentesque volutpat dui. Maecenas tristique, est et tempus semper, est quam pharetra magna, ac consequat metus sapien ut nunc.', '2023-03-25 03:43:11', '2023-02-06 05:32:43');
insert into comment (comment_id, member_id, article_id, content, created_at, modified_at) values (273, 4, 98, 'Donec ut mauris eget massa tempor convallis.', '2023-02-17 05:54:19', '2023-01-09 03:31:37');
insert into comment (comment_id, member_id, article_id, content, created_at, modified_at) values (274, 2, 96, 'Aenean lectus. Pellentesque eget nunc. Donec quis orci eget orci vehicula condimentum. Curabitur in libero ut massa volutpat convallis. Morbi odio odio, elementum eu, interdum eu, tincidunt in, leo. Maecenas pulvinar lobortis est. Phasellus sit amet erat. Nulla tempus. Vivamus in felis eu sapien cursus vestibulum. Proin eu mi.', '2023-04-18 14:24:47', '2023-04-16 05:42:16');
insert into comment (comment_id, member_id, article_id, content, created_at, modified_at) values (275, 8, 94, 'Nulla ut erat id mauris vulputate elementum. Nullam varius. Nulla facilisi. Cras non velit nec nisi vulputate nonummy. Maecenas tincidunt lacus at velit. Vivamus vel nulla eget eros elementum pellentesque. Quisque porta volutpat erat.', '2022-10-31 00:28:01', '2022-11-30 06:59:19');
insert into comment (comment_id, member_id, article_id, content, created_at, modified_at) values (276, 4, 34, 'Sed ante. Vivamus tortor. Duis mattis egestas metus. Aenean fermentum. Donec ut mauris eget massa tempor convallis. Nulla neque libero, convallis eget, eleifend luctus, ultricies eu, nibh. Quisque id justo sit amet sapien dignissim vestibulum.', '2022-12-08 10:11:46', '2023-01-05 18:13:23');
insert into comment (comment_id, member_id, article_id, content, created_at, modified_at) values (277, 2, 99, 'In hac habitasse platea dictumst. Etiam faucibus cursus urna. Ut tellus. Nulla ut erat id mauris vulputate elementum. Nullam varius.', '2022-10-26 05:32:57', '2022-10-10 16:49:01');
insert into comment (comment_id, member_id, article_id, content, created_at, modified_at) values (278, 5, 40, 'Nunc nisl. Duis bibendum, felis sed interdum venenatis, turpis enim blandit mi, in porttitor pede justo eu massa.', '2022-09-07 04:30:30', '2022-07-09 11:45:23');
insert into comment (comment_id, member_id, article_id, content, created_at, modified_at) values (279, 8, 22, 'Mauris lacinia sapien quis libero. Nullam sit amet turpis elementum ligula vehicula consequat. Morbi a ipsum. Integer a nibh. In quis justo.', '2023-02-26 19:53:22', '2022-06-03 05:48:02');
insert into comment (comment_id, member_id, article_id, content, created_at, modified_at) values (280, 5, 8, 'Sed sagittis. Nam congue, risus semper porta volutpat, quam pede lobortis ligula, sit amet eleifend pede libero quis orci. Nullam molestie nibh in lectus. Pellentesque at nulla. Suspendisse potenti. Cras in purus eu magna vulputate luctus. Cum sociis natoque penatibus et magnis dis parturient montes, nascetur ridiculus mus. Vivamus vestibulum sagittis sapien. Cum sociis natoque penatibus et magnis dis parturient montes, nascetur ridiculus mus. Etiam vel augue.', '2023-01-25 13:10:23', '2023-04-19 16:34:24');
insert into comment (comment_id, member_id, article_id, content, created_at, modified_at) values (281, 2, 37, 'Nam congue, risus semper porta volutpat, quam pede lobortis ligula, sit amet eleifend pede libero quis orci. Nullam molestie nibh in lectus. Pellentesque at nulla. Suspendisse potenti. Cras in purus eu magna vulputate luctus.', '2023-03-03 15:14:21', '2023-01-29 01:49:48');
insert into comment (comment_id, member_id, article_id, content, created_at, modified_at) values (282, 3, 44, 'Vestibulum rutrum rutrum neque. Aenean auctor gravida sem. Praesent id massa id nisl venenatis lacinia. Aenean sit amet justo. Morbi ut odio. Cras mi pede, malesuada in, imperdiet et, commodo vulputate, justo. In blandit ultrices enim. Lorem ipsum dolor sit amet, consectetuer adipiscing elit. Proin interdum mauris non ligula pellentesque ultrices. Phasellus id sapien in sapien iaculis congue.', '2022-06-26 23:41:59', '2022-06-11 09:00:18');
insert into comment (comment_id, member_id, article_id, content, created_at, modified_at) values (283, 4, 17, 'Vestibulum quam sapien, varius ut, blandit non, interdum in, ante. Vestibulum ante ipsum primis in faucibus orci luctus et ultrices posuere cubilia Curae; Duis faucibus accumsan odio. Curabitur convallis. Duis consequat dui nec nisi volutpat eleifend. Donec ut dolor. Morbi vel lectus in quam fringilla rhoncus. Mauris enim leo, rhoncus sed, vestibulum sit amet, cursus id, turpis. Integer aliquet, massa id lobortis convallis, tortor risus dapibus augue, vel accumsan tellus nisi eu orci. Mauris lacinia sapien quis libero.', '2023-01-12 01:12:34', '2022-06-01 11:10:35');
insert into comment (comment_id, member_id, article_id, content, created_at, modified_at) values (284, 8, 71, 'Vestibulum ante ipsum primis in faucibus orci luctus et ultrices posuere cubilia Curae; Nulla dapibus dolor vel est. Donec odio justo, sollicitudin ut, suscipit a, feugiat et, eros. Vestibulum ac est lacinia nisi venenatis tristique. Fusce congue, diam id ornare imperdiet, sapien urna pretium nisl, ut volutpat sapien arcu sed augue. Aliquam erat volutpat. In congue.', '2022-09-13 06:48:54', '2022-10-13 02:41:06');
insert into comment (comment_id, member_id, article_id, content, created_at, modified_at) values (285, 6, 55, 'Mauris lacinia sapien quis libero. Nullam sit amet turpis elementum ligula vehicula consequat. Morbi a ipsum. Integer a nibh. In quis justo. Maecenas rhoncus aliquam lacus. Morbi quis tortor id nulla ultrices aliquet.', '2023-03-20 08:19:37', '2023-01-15 07:46:44');
insert into comment (comment_id, member_id, article_id, content, created_at, modified_at) values (286, 1, 88, 'Donec semper sapien a libero.', '2022-10-29 21:21:34', '2022-11-06 23:05:16');
insert into comment (comment_id, member_id, article_id, content, created_at, modified_at) values (287, 10, 30, 'Nulla ac enim.', '2023-01-02 21:38:24', '2022-12-11 17:39:26');
insert into comment (comment_id, member_id, article_id, content, created_at, modified_at) values (288, 9, 27, 'Vestibulum ante ipsum primis in faucibus orci luctus et ultrices posuere cubilia Curae; Duis faucibus accumsan odio. Curabitur convallis. Duis consequat dui nec nisi volutpat eleifend. Donec ut dolor. Morbi vel lectus in quam fringilla rhoncus.', '2022-11-03 15:36:25', '2023-05-02 20:35:51');
insert into comment (comment_id, member_id, article_id, content, created_at, modified_at) values (289, 1, 84, 'Duis aliquam convallis nunc. Proin at turpis a pede posuere nonummy. Integer non velit. Donec diam neque, vestibulum eget, vulputate ut, ultrices vel, augue. Vestibulum ante ipsum primis in faucibus orci luctus et ultrices posuere cubilia Curae; Donec pharetra, magna vestibulum aliquet ultrices, erat tortor sollicitudin mi, sit amet lobortis sapien sapien non mi. Integer ac neque. Duis bibendum. Morbi non quam nec dui luctus rutrum. Nulla tellus. In sagittis dui vel nisl.', '2022-11-01 20:45:03', '2022-09-30 04:02:20');
insert into comment (comment_id, member_id, article_id, content, created_at, modified_at) values (290, 4, 100, 'Morbi quis tortor id nulla ultrices aliquet. Maecenas leo odio, condimentum id, luctus nec, molestie sed, justo. Pellentesque viverra pede ac diam. Cras pellentesque volutpat dui. Maecenas tristique, est et tempus semper, est quam pharetra magna, ac consequat metus sapien ut nunc. Vestibulum ante ipsum primis in faucibus orci luctus et ultrices posuere cubilia Curae; Mauris viverra diam vitae quam.', '2023-04-01 18:35:46', '2023-04-11 08:13:46');
insert into comment (comment_id, member_id, article_id, content, created_at, modified_at) values (291, 4, 23, 'Nam nulla. Integer pede justo, lacinia eget, tincidunt eget, tempus vel, pede. Morbi porttitor lorem id ligula. Suspendisse ornare consequat lectus. In est risus, auctor sed, tristique in, tempus sit amet, sem. Fusce consequat.', '2023-03-27 13:28:56', '2023-01-17 11:24:14');
insert into comment (comment_id, member_id, article_id, content, created_at, modified_at) values (292, 8, 90, 'In sagittis dui vel nisl. Duis ac nibh.', '2022-10-30 05:15:35', '2023-01-12 15:12:47');
insert into comment (comment_id, member_id, article_id, content, created_at, modified_at) values (293, 5, 61, 'Nunc purus. Phasellus in felis. Donec semper sapien a libero. Nam dui. Proin leo odio, porttitor id, consequat in, consequat ut, nulla. Sed accumsan felis. Ut at dolor quis odio consequat varius. Integer ac leo. Pellentesque ultrices mattis odio.', '2022-11-08 11:50:37', '2022-05-23 13:12:27');
insert into comment (comment_id, member_id, article_id, content, created_at, modified_at) values (294, 5, 29, 'Proin at turpis a pede posuere nonummy. Integer non velit.', '2023-03-22 18:06:16', '2022-11-28 21:46:52');
insert into comment (comment_id, member_id, article_id, content, created_at, modified_at) values (295, 8, 44, 'Pellentesque at nulla. Suspendisse potenti. Cras in purus eu magna vulputate luctus. Cum sociis natoque penatibus et magnis dis parturient montes, nascetur ridiculus mus. Vivamus vestibulum sagittis sapien. Cum sociis natoque penatibus et magnis dis parturient montes, nascetur ridiculus mus. Etiam vel augue. Vestibulum rutrum rutrum neque.', '2023-02-07 00:11:13', '2022-05-23 20:20:46');
insert into comment (comment_id, member_id, article_id, content, created_at, modified_at) values (296, 9, 80, 'In quis justo. Maecenas rhoncus aliquam lacus. Morbi quis tortor id nulla ultrices aliquet. Maecenas leo odio, condimentum id, luctus nec, molestie sed, justo. Pellentesque viverra pede ac diam. Cras pellentesque volutpat dui. Maecenas tristique, est et tempus semper, est quam pharetra magna, ac consequat metus sapien ut nunc. Vestibulum ante ipsum primis in faucibus orci luctus et ultrices posuere cubilia Curae; Mauris viverra diam vitae quam. Suspendisse potenti.', '2023-01-15 18:32:11', '2022-12-03 01:02:44');
insert into comment (comment_id, member_id, article_id, content, created_at, modified_at) values (297, 10, 14, 'Duis bibendum. Morbi non quam nec dui luctus rutrum. Nulla tellus. In sagittis dui vel nisl. Duis ac nibh.', '2023-01-06 15:22:31', '2023-01-29 12:38:03');
insert into comment (comment_id, member_id, article_id, content, created_at, modified_at) values (298, 1, 50, 'Aliquam sit amet diam in magna bibendum imperdiet. Nullam orci pede, venenatis non, sodales sed, tincidunt eu, felis. Fusce posuere felis sed lacus. Morbi sem mauris, laoreet ut, rhoncus aliquet, pulvinar sed, nisl.', '2023-02-09 02:17:25', '2022-06-03 19:06:01');
insert into comment (comment_id, member_id, article_id, content, created_at, modified_at) values (299, 2, 59, 'Morbi ut odio. Cras mi pede, malesuada in, imperdiet et, commodo vulputate, justo. In blandit ultrices enim. Lorem ipsum dolor sit amet, consectetuer adipiscing elit. Proin interdum mauris non ligula pellentesque ultrices. Phasellus id sapien in sapien iaculis congue. Vivamus metus arcu, adipiscing molestie, hendrerit at, vulputate vitae, nisl. Aenean lectus. Pellentesque eget nunc. Donec quis orci eget orci vehicula condimentum.', '2022-12-18 08:16:04', '2023-02-11 17:23:51');
insert into comment (comment_id, member_id, article_id, content, created_at, modified_at) values (300, 3, 18, 'Praesent id massa id nisl venenatis lacinia. Aenean sit amet justo.', '2022-09-12 13:45:43', '2022-06-13 22:13:42');
insert into comment (comment_id, member_id, article_id, content, created_at, modified_at) values (301, 10, 91, 'Aenean fermentum. Donec ut mauris eget massa tempor convallis. Nulla neque libero, convallis eget, eleifend luctus, ultricies eu, nibh. Quisque id justo sit amet sapien dignissim vestibulum.', '2022-12-17 09:47:40', '2023-04-01 18:27:11');
insert into comment (comment_id, member_id, article_id, content, created_at, modified_at) values (302, 10, 13, 'In eleifend quam a odio. In hac habitasse platea dictumst. Maecenas ut massa quis augue luctus tincidunt. Nulla mollis molestie lorem. Quisque ut erat. Curabitur gravida nisi at nibh. In hac habitasse platea dictumst. Aliquam augue quam, sollicitudin vitae, consectetuer eget, rutrum at, lorem.', '2022-12-18 13:52:38', '2022-09-20 01:12:11');
insert into comment (comment_id, member_id, article_id, content, created_at, modified_at) values (303, 5, 83, 'Suspendisse ornare consequat lectus. In est risus, auctor sed, tristique in, tempus sit amet, sem. Fusce consequat. Nulla nisl. Nunc nisl.', '2022-07-30 00:27:16', '2023-03-30 20:05:22');
insert into comment (comment_id, member_id, article_id, content, created_at, modified_at) values (304, 2, 28, 'Pellentesque at nulla. Suspendisse potenti. Cras in purus eu magna vulputate luctus. Cum sociis natoque penatibus et magnis dis parturient montes, nascetur ridiculus mus. Vivamus vestibulum sagittis sapien. Cum sociis natoque penatibus et magnis dis parturient montes, nascetur ridiculus mus. Etiam vel augue.', '2023-04-03 17:48:30', '2023-04-21 19:37:57');
insert into comment (comment_id, member_id, article_id, content, created_at, modified_at) values (305, 2, 39, 'Nullam molestie nibh in lectus.', '2022-10-29 04:33:00', '2022-12-03 09:32:00');
insert into comment (comment_id, member_id, article_id, content, created_at, modified_at) values (306, 7, 97, 'Cras pellentesque volutpat dui. Maecenas tristique, est et tempus semper, est quam pharetra magna, ac consequat metus sapien ut nunc. Vestibulum ante ipsum primis in faucibus orci luctus et ultrices posuere cubilia Curae; Mauris viverra diam vitae quam. Suspendisse potenti. Nullam porttitor lacus at turpis.', '2022-10-26 21:09:42', '2023-01-29 19:27:49');
insert into comment (comment_id, member_id, article_id, content, created_at, modified_at) values (307, 5, 6, 'Suspendisse ornare consequat lectus. In est risus, auctor sed, tristique in, tempus sit amet, sem. Fusce consequat. Nulla nisl. Nunc nisl. Duis bibendum, felis sed interdum venenatis, turpis enim blandit mi, in porttitor pede justo eu massa.', '2022-12-26 11:54:40', '2022-10-03 00:39:14');
insert into comment (comment_id, member_id, article_id, content, created_at, modified_at) values (308, 8, 73, 'Fusce lacus purus, aliquet at, feugiat non, pretium quis, lectus. Suspendisse potenti. In eleifend quam a odio. In hac habitasse platea dictumst. Maecenas ut massa quis augue luctus tincidunt. Nulla mollis molestie lorem. Quisque ut erat. Curabitur gravida nisi at nibh.', '2022-07-02 04:29:14', '2023-05-11 23:16:15');
insert into comment (comment_id, member_id, article_id, content, created_at, modified_at) values (309, 5, 37, 'Etiam vel augue. Vestibulum rutrum rutrum neque. Aenean auctor gravida sem.', '2022-07-06 13:39:53', '2022-08-22 22:24:36');
insert into comment (comment_id, member_id, article_id, content, created_at, modified_at) values (310, 1, 11, 'In hac habitasse platea dictumst. Morbi vestibulum, velit id pretium iaculis, diam erat fermentum justo, nec condimentum neque sapien placerat ante. Nulla justo. Aliquam quis turpis eget elit sodales scelerisque.', '2023-03-13 04:57:00', '2022-08-28 14:09:07');
insert into comment (comment_id, member_id, article_id, content, created_at, modified_at) values (311, 7, 74, 'Integer a nibh. In quis justo. Maecenas rhoncus aliquam lacus. Morbi quis tortor id nulla ultrices aliquet. Maecenas leo odio, condimentum id, luctus nec, molestie sed, justo.', '2023-02-10 03:25:19', '2023-02-13 01:54:56');
insert into comment (comment_id, member_id, article_id, content, created_at, modified_at) values (312, 1, 78, 'Vivamus in felis eu sapien cursus vestibulum. Proin eu mi. Nulla ac enim. In tempor, turpis nec euismod scelerisque, quam turpis adipiscing lorem, vitae mattis nibh ligula nec sem. Duis aliquam convallis nunc. Proin at turpis a pede posuere nonummy. Integer non velit.', '2022-11-16 03:57:35', '2022-08-15 05:43:49');
insert into comment (comment_id, member_id, article_id, content, created_at, modified_at) values (313, 10, 7, 'Morbi non lectus. Aliquam sit amet diam in magna bibendum imperdiet. Nullam orci pede, venenatis non, sodales sed, tincidunt eu, felis. Fusce posuere felis sed lacus. Morbi sem mauris, laoreet ut, rhoncus aliquet, pulvinar sed, nisl. Nunc rhoncus dui vel sem.', '2023-03-27 05:02:54', '2023-03-31 17:29:31');
insert into comment (comment_id, member_id, article_id, content, created_at, modified_at) values (314, 10, 41, 'Maecenas rhoncus aliquam lacus. Morbi quis tortor id nulla ultrices aliquet. Maecenas leo odio, condimentum id, luctus nec, molestie sed, justo. Pellentesque viverra pede ac diam.', '2023-05-03 17:52:09', '2022-10-07 11:06:44');
insert into comment (comment_id, member_id, article_id, content, created_at, modified_at) values (315, 2, 71, 'Vestibulum quam sapien, varius ut, blandit non, interdum in, ante.', '2022-05-15 18:06:45', '2022-10-09 01:00:23');
insert into comment (comment_id, member_id, article_id, content, created_at, modified_at) values (316, 10, 45, 'Donec diam neque, vestibulum eget, vulputate ut, ultrices vel, augue. Vestibulum ante ipsum primis in faucibus orci luctus et ultrices posuere cubilia Curae; Donec pharetra, magna vestibulum aliquet ultrices, erat tortor sollicitudin mi, sit amet lobortis sapien sapien non mi.', '2023-03-04 16:37:16', '2022-07-07 15:36:52');
insert into comment (comment_id, member_id, article_id, content, created_at, modified_at) values (317, 6, 59, 'Fusce posuere felis sed lacus. Morbi sem mauris, laoreet ut, rhoncus aliquet, pulvinar sed, nisl. Nunc rhoncus dui vel sem. Sed sagittis. Nam congue, risus semper porta volutpat, quam pede lobortis ligula, sit amet eleifend pede libero quis orci. Nullam molestie nibh in lectus. Pellentesque at nulla.', '2022-12-08 17:47:34', '2022-12-17 04:33:22');
insert into comment (comment_id, member_id, article_id, content, created_at, modified_at) values (318, 7, 44, 'Vivamus vestibulum sagittis sapien. Cum sociis natoque penatibus et magnis dis parturient montes, nascetur ridiculus mus. Etiam vel augue. Vestibulum rutrum rutrum neque. Aenean auctor gravida sem. Praesent id massa id nisl venenatis lacinia.', '2023-02-19 20:19:23', '2022-11-11 07:52:46');
insert into comment (comment_id, member_id, article_id, content, created_at, modified_at) values (319, 7, 13, 'Duis bibendum, felis sed interdum venenatis, turpis enim blandit mi, in porttitor pede justo eu massa. Donec dapibus. Duis at velit eu est congue elementum. In hac habitasse platea dictumst. Morbi vestibulum, velit id pretium iaculis, diam erat fermentum justo, nec condimentum neque sapien placerat ante. Nulla justo. Aliquam quis turpis eget elit sodales scelerisque.', '2023-01-04 05:39:12', '2023-03-31 11:19:16');
insert into comment (comment_id, member_id, article_id, content, created_at, modified_at) values (320, 2, 100, 'Vestibulum ac est lacinia nisi venenatis tristique. Fusce congue, diam id ornare imperdiet, sapien urna pretium nisl, ut volutpat sapien arcu sed augue. Aliquam erat volutpat. In congue. Etiam justo. Etiam pretium iaculis justo.', '2022-10-30 11:23:09', '2022-09-11 05:05:07');
insert into comment (comment_id, member_id, article_id, content, created_at, modified_at) values (321, 6, 95, 'Morbi porttitor lorem id ligula. Suspendisse ornare consequat lectus. In est risus, auctor sed, tristique in, tempus sit amet, sem. Fusce consequat. Nulla nisl. Nunc nisl. Duis bibendum, felis sed interdum venenatis, turpis enim blandit mi, in porttitor pede justo eu massa.', '2023-04-18 08:58:46', '2022-06-26 06:04:41');
insert into comment (comment_id, member_id, article_id, content, created_at, modified_at) values (322, 6, 84, 'Donec posuere metus vitae ipsum.', '2022-08-20 19:02:27', '2022-10-01 18:17:07');
insert into comment (comment_id, member_id, article_id, content, created_at, modified_at) values (323, 4, 32, 'Etiam vel augue. Vestibulum rutrum rutrum neque. Aenean auctor gravida sem. Praesent id massa id nisl venenatis lacinia. Aenean sit amet justo. Morbi ut odio. Cras mi pede, malesuada in, imperdiet et, commodo vulputate, justo. In blandit ultrices enim. Lorem ipsum dolor sit amet, consectetuer adipiscing elit. Proin interdum mauris non ligula pellentesque ultrices.', '2022-07-26 04:39:20', '2022-12-18 16:31:29');
insert into comment (comment_id, member_id, article_id, content, created_at, modified_at) values (324, 9, 20, 'Etiam faucibus cursus urna.', '2022-07-28 18:44:17', '2023-04-12 15:01:05');
insert into comment (comment_id, member_id, article_id, content, created_at, modified_at) values (325, 8, 97, 'Quisque arcu libero, rutrum ac, lobortis vel, dapibus at, diam. Nam tristique tortor eu pede.', '2022-07-01 19:15:05', '2022-05-16 19:24:58');
insert into comment (comment_id, member_id, article_id, content, created_at, modified_at) values (326, 10, 80, 'Donec quis orci eget orci vehicula condimentum. Curabitur in libero ut massa volutpat convallis. Morbi odio odio, elementum eu, interdum eu, tincidunt in, leo. Maecenas pulvinar lobortis est. Phasellus sit amet erat. Nulla tempus.', '2022-06-29 23:10:08', '2023-02-01 01:40:20');
insert into comment (comment_id, member_id, article_id, content, created_at, modified_at) values (327, 5, 49, 'Phasellus id sapien in sapien iaculis congue. Vivamus metus arcu, adipiscing molestie, hendrerit at, vulputate vitae, nisl. Aenean lectus. Pellentesque eget nunc. Donec quis orci eget orci vehicula condimentum. Curabitur in libero ut massa volutpat convallis. Morbi odio odio, elementum eu, interdum eu, tincidunt in, leo. Maecenas pulvinar lobortis est. Phasellus sit amet erat. Nulla tempus.', '2023-01-08 18:40:27', '2022-12-26 15:25:06');
insert into comment (comment_id, member_id, article_id, content, created_at, modified_at) values (328, 6, 94, 'Vestibulum ante ipsum primis in faucibus orci luctus et ultrices posuere cubilia Curae; Mauris viverra diam vitae quam. Suspendisse potenti. Nullam porttitor lacus at turpis. Donec posuere metus vitae ipsum. Aliquam non mauris. Morbi non lectus. Aliquam sit amet diam in magna bibendum imperdiet. Nullam orci pede, venenatis non, sodales sed, tincidunt eu, felis. Fusce posuere felis sed lacus. Morbi sem mauris, laoreet ut, rhoncus aliquet, pulvinar sed, nisl.', '2022-08-01 11:06:52', '2022-08-08 14:06:02');
insert into comment (comment_id, member_id, article_id, content, created_at, modified_at) values (329, 10, 49, 'Vestibulum rutrum rutrum neque. Aenean auctor gravida sem. Praesent id massa id nisl venenatis lacinia.', '2023-03-29 03:58:52', '2022-12-07 08:38:19');
insert into comment (comment_id, member_id, article_id, content, created_at, modified_at) values (330, 2, 35, 'Praesent blandit lacinia erat. Vestibulum sed magna at nunc commodo placerat. Praesent blandit. Nam nulla. Integer pede justo, lacinia eget, tincidunt eget, tempus vel, pede. Morbi porttitor lorem id ligula. Suspendisse ornare consequat lectus.', '2023-01-07 23:27:27', '2022-10-07 12:28:29');
insert into comment (comment_id, member_id, article_id, content, created_at, modified_at) values (331, 10, 67, 'Lorem ipsum dolor sit amet, consectetuer adipiscing elit. Proin interdum mauris non ligula pellentesque ultrices. Phasellus id sapien in sapien iaculis congue. Vivamus metus arcu, adipiscing molestie, hendrerit at, vulputate vitae, nisl. Aenean lectus. Pellentesque eget nunc. Donec quis orci eget orci vehicula condimentum. Curabitur in libero ut massa volutpat convallis. Morbi odio odio, elementum eu, interdum eu, tincidunt in, leo.', '2022-06-18 01:26:22', '2022-09-09 20:08:57');
insert into comment (comment_id, member_id, article_id, content, created_at, modified_at) values (332, 9, 53, 'Cum sociis natoque penatibus et magnis dis parturient montes, nascetur ridiculus mus. Etiam vel augue. Vestibulum rutrum rutrum neque. Aenean auctor gravida sem. Praesent id massa id nisl venenatis lacinia. Aenean sit amet justo. Morbi ut odio. Cras mi pede, malesuada in, imperdiet et, commodo vulputate, justo.', '2022-06-07 21:17:51', '2022-08-16 09:35:28');
insert into comment (comment_id, member_id, article_id, content, created_at, modified_at) values (333, 10, 33, 'Nunc purus. Phasellus in felis. Donec semper sapien a libero. Nam dui. Proin leo odio, porttitor id, consequat in, consequat ut, nulla.', '2023-02-11 15:46:40', '2022-11-20 21:32:48');
insert into comment (comment_id, member_id, article_id, content, created_at, modified_at) values (334, 2, 62, 'Morbi vel lectus in quam fringilla rhoncus. Mauris enim leo, rhoncus sed, vestibulum sit amet, cursus id, turpis. Integer aliquet, massa id lobortis convallis, tortor risus dapibus augue, vel accumsan tellus nisi eu orci. Mauris lacinia sapien quis libero. Nullam sit amet turpis elementum ligula vehicula consequat. Morbi a ipsum.', '2023-03-01 15:25:47', '2022-12-21 03:05:48');
insert into comment (comment_id, member_id, article_id, content, created_at, modified_at) values (335, 5, 67, 'Donec ut mauris eget massa tempor convallis. Nulla neque libero, convallis eget, eleifend luctus, ultricies eu, nibh. Quisque id justo sit amet sapien dignissim vestibulum. Vestibulum ante ipsum primis in faucibus orci luctus et ultrices posuere cubilia Curae; Nulla dapibus dolor vel est.', '2023-02-15 16:25:24', '2022-11-05 15:35:10');
insert into comment (comment_id, member_id, article_id, content, created_at, modified_at) values (336, 1, 48, 'Vestibulum sed magna at nunc commodo placerat. Praesent blandit. Nam nulla. Integer pede justo, lacinia eget, tincidunt eget, tempus vel, pede. Morbi porttitor lorem id ligula. Suspendisse ornare consequat lectus.', '2023-04-24 22:22:40', '2022-10-17 14:42:05');
insert into comment (comment_id, member_id, article_id, content, created_at, modified_at) values (337, 4, 6, 'Fusce congue, diam id ornare imperdiet, sapien urna pretium nisl, ut volutpat sapien arcu sed augue. Aliquam erat volutpat. In congue. Etiam justo. Etiam pretium iaculis justo.', '2022-09-25 14:26:03', '2023-04-13 23:47:34');
insert into comment (comment_id, member_id, article_id, content, created_at, modified_at) values (338, 6, 50, 'Aenean lectus. Pellentesque eget nunc. Donec quis orci eget orci vehicula condimentum. Curabitur in libero ut massa volutpat convallis. Morbi odio odio, elementum eu, interdum eu, tincidunt in, leo.', '2022-05-22 16:46:40', '2022-09-17 20:01:25');
insert into comment (comment_id, member_id, article_id, content, created_at, modified_at) values (339, 10, 9, 'Nullam sit amet turpis elementum ligula vehicula consequat. Morbi a ipsum. Integer a nibh. In quis justo. Maecenas rhoncus aliquam lacus. Morbi quis tortor id nulla ultrices aliquet. Maecenas leo odio, condimentum id, luctus nec, molestie sed, justo.', '2023-02-12 15:39:17', '2022-10-30 09:43:00');
insert into comment (comment_id, member_id, article_id, content, created_at, modified_at) values (340, 6, 3, 'Donec odio justo, sollicitudin ut, suscipit a, feugiat et, eros. Vestibulum ac est lacinia nisi venenatis tristique. Fusce congue, diam id ornare imperdiet, sapien urna pretium nisl, ut volutpat sapien arcu sed augue. Aliquam erat volutpat. In congue. Etiam justo. Etiam pretium iaculis justo.', '2022-06-09 12:43:02', '2022-12-08 03:49:39');
insert into comment (comment_id, member_id, article_id, content, created_at, modified_at) values (341, 8, 38, 'Fusce posuere felis sed lacus.', '2023-02-02 23:17:10', '2022-07-18 19:01:32');
insert into comment (comment_id, member_id, article_id, content, created_at, modified_at) values (342, 5, 80, 'Integer aliquet, massa id lobortis convallis, tortor risus dapibus augue, vel accumsan tellus nisi eu orci. Mauris lacinia sapien quis libero. Nullam sit amet turpis elementum ligula vehicula consequat. Morbi a ipsum. Integer a nibh. In quis justo. Maecenas rhoncus aliquam lacus. Morbi quis tortor id nulla ultrices aliquet.', '2023-05-10 16:27:26', '2022-06-25 13:56:41');
insert into comment (comment_id, member_id, article_id, content, created_at, modified_at) values (343, 3, 34, 'Pellentesque eget nunc. Donec quis orci eget orci vehicula condimentum. Curabitur in libero ut massa volutpat convallis. Morbi odio odio, elementum eu, interdum eu, tincidunt in, leo.', '2023-01-26 13:54:13', '2023-02-04 01:07:42');
insert into comment (comment_id, member_id, article_id, content, created_at, modified_at) values (344, 10, 25, 'Vestibulum ante ipsum primis in faucibus orci luctus et ultrices posuere cubilia Curae; Donec pharetra, magna vestibulum aliquet ultrices, erat tortor sollicitudin mi, sit amet lobortis sapien sapien non mi.', '2022-05-23 21:54:47', '2022-08-07 05:09:07');
insert into comment (comment_id, member_id, article_id, content, created_at, modified_at) values (345, 6, 32, 'Morbi sem mauris, laoreet ut, rhoncus aliquet, pulvinar sed, nisl. Nunc rhoncus dui vel sem. Sed sagittis. Nam congue, risus semper porta volutpat, quam pede lobortis ligula, sit amet eleifend pede libero quis orci. Nullam molestie nibh in lectus. Pellentesque at nulla.', '2022-09-30 05:16:29', '2022-12-10 16:44:50');
insert into comment (comment_id, member_id, article_id, content, created_at, modified_at) values (346, 4, 100, 'Nulla facilisi. Cras non velit nec nisi vulputate nonummy. Maecenas tincidunt lacus at velit. Vivamus vel nulla eget eros elementum pellentesque.', '2022-07-14 15:14:37', '2022-12-01 17:22:50');
insert into comment (comment_id, member_id, article_id, content, created_at, modified_at) values (347, 10, 29, 'Cras mi pede, malesuada in, imperdiet et, commodo vulputate, justo. In blandit ultrices enim. Lorem ipsum dolor sit amet, consectetuer adipiscing elit. Proin interdum mauris non ligula pellentesque ultrices. Phasellus id sapien in sapien iaculis congue. Vivamus metus arcu, adipiscing molestie, hendrerit at, vulputate vitae, nisl. Aenean lectus. Pellentesque eget nunc.', '2022-06-19 01:04:29', '2022-10-27 05:18:54');
insert into comment (comment_id, member_id, article_id, content, created_at, modified_at) values (348, 3, 18, 'Aenean lectus. Pellentesque eget nunc. Donec quis orci eget orci vehicula condimentum. Curabitur in libero ut massa volutpat convallis. Morbi odio odio, elementum eu, interdum eu, tincidunt in, leo. Maecenas pulvinar lobortis est. Phasellus sit amet erat.', '2023-02-20 03:20:33', '2022-08-28 21:15:08');
insert into comment (comment_id, member_id, article_id, content, created_at, modified_at) values (349, 9, 40, 'Pellentesque eget nunc. Donec quis orci eget orci vehicula condimentum. Curabitur in libero ut massa volutpat convallis. Morbi odio odio, elementum eu, interdum eu, tincidunt in, leo. Maecenas pulvinar lobortis est. Phasellus sit amet erat.', '2023-01-28 09:41:42', '2022-09-04 16:44:42');
insert into comment (comment_id, member_id, article_id, content, created_at, modified_at) values (350, 2, 58, 'Cras non velit nec nisi vulputate nonummy. Maecenas tincidunt lacus at velit. Vivamus vel nulla eget eros elementum pellentesque. Quisque porta volutpat erat. Quisque erat eros, viverra eget, congue eget, semper rutrum, nulla. Nunc purus. Phasellus in felis. Donec semper sapien a libero. Nam dui. Proin leo odio, porttitor id, consequat in, consequat ut, nulla.', '2022-10-08 22:03:45', '2023-01-18 16:07:37');
insert into comment (comment_id, member_id, article_id, content, created_at, modified_at) values (351, 1, 71, 'Fusce congue, diam id ornare imperdiet, sapien urna pretium nisl, ut volutpat sapien arcu sed augue. Aliquam erat volutpat. In congue. Etiam justo. Etiam pretium iaculis justo. In hac habitasse platea dictumst.', '2023-01-08 16:55:03', '2022-12-04 01:07:04');
insert into comment (comment_id, member_id, article_id, content, created_at, modified_at) values (352, 3, 95, 'Fusce congue, diam id ornare imperdiet, sapien urna pretium nisl, ut volutpat sapien arcu sed augue. Aliquam erat volutpat. In congue. Etiam justo. Etiam pretium iaculis justo. In hac habitasse platea dictumst. Etiam faucibus cursus urna.', '2022-12-05 02:28:09', '2022-09-27 19:29:59');
insert into comment (comment_id, member_id, article_id, content, created_at, modified_at) values (353, 6, 33, 'Fusce consequat. Nulla nisl.', '2022-12-26 22:24:28', '2022-06-25 02:30:53');
insert into comment (comment_id, member_id, article_id, content, created_at, modified_at) values (354, 8, 27, 'Vivamus in felis eu sapien cursus vestibulum. Proin eu mi. Nulla ac enim.', '2023-04-23 13:28:44', '2022-05-26 13:48:59');
insert into comment (comment_id, member_id, article_id, content, created_at, modified_at) values (355, 3, 21, 'Donec posuere metus vitae ipsum. Aliquam non mauris. Morbi non lectus. Aliquam sit amet diam in magna bibendum imperdiet. Nullam orci pede, venenatis non, sodales sed, tincidunt eu, felis. Fusce posuere felis sed lacus. Morbi sem mauris, laoreet ut, rhoncus aliquet, pulvinar sed, nisl.', '2022-12-07 00:14:21', '2023-02-05 22:44:54');
insert into comment (comment_id, member_id, article_id, content, created_at, modified_at) values (356, 4, 6, 'Mauris lacinia sapien quis libero. Nullam sit amet turpis elementum ligula vehicula consequat. Morbi a ipsum. Integer a nibh. In quis justo. Maecenas rhoncus aliquam lacus. Morbi quis tortor id nulla ultrices aliquet. Maecenas leo odio, condimentum id, luctus nec, molestie sed, justo. Pellentesque viverra pede ac diam.', '2023-03-10 06:14:53', '2023-05-08 19:36:53');
insert into comment (comment_id, member_id, article_id, content, created_at, modified_at) values (357, 8, 17, 'Mauris sit amet eros. Suspendisse accumsan tortor quis turpis. Sed ante. Vivamus tortor. Duis mattis egestas metus. Aenean fermentum.', '2022-10-29 16:13:49', '2022-07-01 20:52:45');
insert into comment (comment_id, member_id, article_id, content, created_at, modified_at) values (358, 1, 6, 'Fusce posuere felis sed lacus. Morbi sem mauris, laoreet ut, rhoncus aliquet, pulvinar sed, nisl. Nunc rhoncus dui vel sem. Sed sagittis. Nam congue, risus semper porta volutpat, quam pede lobortis ligula, sit amet eleifend pede libero quis orci.', '2022-09-19 13:57:36', '2022-09-28 02:23:53');
insert into comment (comment_id, member_id, article_id, content, created_at, modified_at) values (359, 3, 99, 'Curabitur in libero ut massa volutpat convallis. Morbi odio odio, elementum eu, interdum eu, tincidunt in, leo. Maecenas pulvinar lobortis est. Phasellus sit amet erat. Nulla tempus. Vivamus in felis eu sapien cursus vestibulum. Proin eu mi. Nulla ac enim. In tempor, turpis nec euismod scelerisque, quam turpis adipiscing lorem, vitae mattis nibh ligula nec sem.', '2022-06-24 21:46:48', '2023-02-20 21:31:46');
insert into comment (comment_id, member_id, article_id, content, created_at, modified_at) values (360, 4, 22, 'Morbi quis tortor id nulla ultrices aliquet. Maecenas leo odio, condimentum id, luctus nec, molestie sed, justo. Pellentesque viverra pede ac diam. Cras pellentesque volutpat dui. Maecenas tristique, est et tempus semper, est quam pharetra magna, ac consequat metus sapien ut nunc. Vestibulum ante ipsum primis in faucibus orci luctus et ultrices posuere cubilia Curae; Mauris viverra diam vitae quam. Suspendisse potenti.', '2022-12-31 03:11:41', '2023-03-19 11:57:30');
insert into comment (comment_id, member_id, article_id, content, created_at, modified_at) values (361, 2, 79, 'Donec posuere metus vitae ipsum. Aliquam non mauris. Morbi non lectus. Aliquam sit amet diam in magna bibendum imperdiet. Nullam orci pede, venenatis non, sodales sed, tincidunt eu, felis. Fusce posuere felis sed lacus. Morbi sem mauris, laoreet ut, rhoncus aliquet, pulvinar sed, nisl. Nunc rhoncus dui vel sem. Sed sagittis.', '2022-12-30 08:29:42', '2023-01-25 10:05:21');
insert into comment (comment_id, member_id, article_id, content, created_at, modified_at) values (362, 2, 37, 'Nulla justo. Aliquam quis turpis eget elit sodales scelerisque.', '2023-04-30 13:39:41', '2022-07-06 17:42:38');
insert into comment (comment_id, member_id, article_id, content, created_at, modified_at) values (363, 5, 64, 'Aenean auctor gravida sem. Praesent id massa id nisl venenatis lacinia. Aenean sit amet justo. Morbi ut odio. Cras mi pede, malesuada in, imperdiet et, commodo vulputate, justo.', '2023-04-11 12:06:16', '2022-12-07 07:34:55');
insert into comment (comment_id, member_id, article_id, content, created_at, modified_at) values (364, 9, 88, 'In sagittis dui vel nisl. Duis ac nibh. Fusce lacus purus, aliquet at, feugiat non, pretium quis, lectus. Suspendisse potenti. In eleifend quam a odio. In hac habitasse platea dictumst.', '2022-12-24 01:45:41', '2022-07-12 15:49:23');
insert into comment (comment_id, member_id, article_id, content, created_at, modified_at) values (365, 2, 75, 'Nunc rhoncus dui vel sem. Sed sagittis. Nam congue, risus semper porta volutpat, quam pede lobortis ligula, sit amet eleifend pede libero quis orci. Nullam molestie nibh in lectus.', '2022-08-14 09:14:30', '2022-10-04 10:07:22');
insert into comment (comment_id, member_id, article_id, content, created_at, modified_at) values (366, 6, 46, 'Aliquam quis turpis eget elit sodales scelerisque. Mauris sit amet eros. Suspendisse accumsan tortor quis turpis. Sed ante. Vivamus tortor. Duis mattis egestas metus. Aenean fermentum.', '2022-12-31 23:49:32', '2023-01-16 18:36:01');
insert into comment (comment_id, member_id, article_id, content, created_at, modified_at) values (367, 8, 92, 'Duis mattis egestas metus. Aenean fermentum. Donec ut mauris eget massa tempor convallis. Nulla neque libero, convallis eget, eleifend luctus, ultricies eu, nibh. Quisque id justo sit amet sapien dignissim vestibulum. Vestibulum ante ipsum primis in faucibus orci luctus et ultrices posuere cubilia Curae; Nulla dapibus dolor vel est. Donec odio justo, sollicitudin ut, suscipit a, feugiat et, eros. Vestibulum ac est lacinia nisi venenatis tristique.', '2023-04-19 21:54:51', '2022-09-01 15:30:49');
insert into comment (comment_id, member_id, article_id, content, created_at, modified_at) values (368, 3, 17, 'Vestibulum ante ipsum primis in faucibus orci luctus et ultrices posuere cubilia Curae; Nulla dapibus dolor vel est. Donec odio justo, sollicitudin ut, suscipit a, feugiat et, eros. Vestibulum ac est lacinia nisi venenatis tristique. Fusce congue, diam id ornare imperdiet, sapien urna pretium nisl, ut volutpat sapien arcu sed augue. Aliquam erat volutpat. In congue. Etiam justo.', '2023-04-16 17:07:09', '2023-04-06 09:02:40');
insert into comment (comment_id, member_id, article_id, content, created_at, modified_at) values (369, 1, 26, 'Vestibulum rutrum rutrum neque. Aenean auctor gravida sem. Praesent id massa id nisl venenatis lacinia. Aenean sit amet justo.', '2022-11-25 11:48:46', '2022-06-09 08:12:46');
insert into comment (comment_id, member_id, article_id, content, created_at, modified_at) values (370, 8, 93, 'Duis aliquam convallis nunc. Proin at turpis a pede posuere nonummy. Integer non velit. Donec diam neque, vestibulum eget, vulputate ut, ultrices vel, augue. Vestibulum ante ipsum primis in faucibus orci luctus et ultrices posuere cubilia Curae; Donec pharetra, magna vestibulum aliquet ultrices, erat tortor sollicitudin mi, sit amet lobortis sapien sapien non mi. Integer ac neque. Duis bibendum. Morbi non quam nec dui luctus rutrum.', '2023-01-08 08:50:32', '2023-03-23 18:34:34');
insert into comment (comment_id, member_id, article_id, content, created_at, modified_at) values (371, 9, 12, 'Integer pede justo, lacinia eget, tincidunt eget, tempus vel, pede. Morbi porttitor lorem id ligula. Suspendisse ornare consequat lectus. In est risus, auctor sed, tristique in, tempus sit amet, sem. Fusce consequat.', '2022-05-19 08:17:00', '2023-02-01 14:52:24');
insert into comment (comment_id, member_id, article_id, content, created_at, modified_at) values (372, 2, 74, 'Cras mi pede, malesuada in, imperdiet et, commodo vulputate, justo. In blandit ultrices enim. Lorem ipsum dolor sit amet, consectetuer adipiscing elit. Proin interdum mauris non ligula pellentesque ultrices. Phasellus id sapien in sapien iaculis congue. Vivamus metus arcu, adipiscing molestie, hendrerit at, vulputate vitae, nisl. Aenean lectus. Pellentesque eget nunc. Donec quis orci eget orci vehicula condimentum.', '2022-09-06 21:02:24', '2022-08-09 00:49:21');
insert into comment (comment_id, member_id, article_id, content, created_at, modified_at) values (373, 8, 2, 'Suspendisse potenti. Cras in purus eu magna vulputate luctus. Cum sociis natoque penatibus et magnis dis parturient montes, nascetur ridiculus mus. Vivamus vestibulum sagittis sapien. Cum sociis natoque penatibus et magnis dis parturient montes, nascetur ridiculus mus. Etiam vel augue. Vestibulum rutrum rutrum neque. Aenean auctor gravida sem. Praesent id massa id nisl venenatis lacinia.', '2022-06-03 00:24:11', '2022-09-18 19:31:47');
insert into comment (comment_id, member_id, article_id, content, created_at, modified_at) values (374, 2, 40, 'Mauris lacinia sapien quis libero. Nullam sit amet turpis elementum ligula vehicula consequat. Morbi a ipsum. Integer a nibh. In quis justo. Maecenas rhoncus aliquam lacus. Morbi quis tortor id nulla ultrices aliquet. Maecenas leo odio, condimentum id, luctus nec, molestie sed, justo.', '2022-05-20 09:00:45', '2022-08-29 18:48:02');
insert into comment (comment_id, member_id, article_id, content, created_at, modified_at) values (375, 5, 81, 'Cum sociis natoque penatibus et magnis dis parturient montes, nascetur ridiculus mus. Etiam vel augue. Vestibulum rutrum rutrum neque. Aenean auctor gravida sem. Praesent id massa id nisl venenatis lacinia. Aenean sit amet justo. Morbi ut odio. Cras mi pede, malesuada in, imperdiet et, commodo vulputate, justo.', '2023-03-27 13:55:49', '2023-05-04 12:37:54');
insert into comment (comment_id, member_id, article_id, content, created_at, modified_at) values (376, 1, 62, 'Curabitur convallis. Duis consequat dui nec nisi volutpat eleifend. Donec ut dolor. Morbi vel lectus in quam fringilla rhoncus. Mauris enim leo, rhoncus sed, vestibulum sit amet, cursus id, turpis. Integer aliquet, massa id lobortis convallis, tortor risus dapibus augue, vel accumsan tellus nisi eu orci. Mauris lacinia sapien quis libero.', '2023-01-20 20:29:05', '2023-01-24 09:13:37');
insert into comment (comment_id, member_id, article_id, content, created_at, modified_at) values (377, 9, 4, 'Morbi ut odio. Cras mi pede, malesuada in, imperdiet et, commodo vulputate, justo.', '2023-02-26 17:01:01', '2022-07-28 22:22:26');
insert into comment (comment_id, member_id, article_id, content, created_at, modified_at) values (378, 9, 23, 'Integer ac leo. Pellentesque ultrices mattis odio. Donec vitae nisi. Nam ultrices, libero non mattis pulvinar, nulla pede ullamcorper augue, a suscipit nulla elit ac nulla. Sed vel enim sit amet nunc viverra dapibus. Nulla suscipit ligula in lacus. Curabitur at ipsum ac tellus semper interdum. Mauris ullamcorper purus sit amet nulla.', '2022-11-22 14:10:08', '2022-09-04 05:09:55');
insert into comment (comment_id, member_id, article_id, content, created_at, modified_at) values (379, 4, 76, 'In hac habitasse platea dictumst. Aliquam augue quam, sollicitudin vitae, consectetuer eget, rutrum at, lorem. Integer tincidunt ante vel ipsum. Praesent blandit lacinia erat. Vestibulum sed magna at nunc commodo placerat. Praesent blandit. Nam nulla. Integer pede justo, lacinia eget, tincidunt eget, tempus vel, pede.', '2022-10-14 05:14:49', '2022-06-01 17:44:10');
insert into comment (comment_id, member_id, article_id, content, created_at, modified_at) values (380, 8, 60, 'Etiam faucibus cursus urna. Ut tellus. Nulla ut erat id mauris vulputate elementum. Nullam varius.', '2022-06-06 09:20:13', '2022-12-03 23:48:49');
insert into comment (comment_id, member_id, article_id, content, created_at, modified_at) values (381, 5, 96, 'Quisque ut erat. Curabitur gravida nisi at nibh. In hac habitasse platea dictumst. Aliquam augue quam, sollicitudin vitae, consectetuer eget, rutrum at, lorem. Integer tincidunt ante vel ipsum.', '2022-12-04 00:52:01', '2023-02-27 19:41:57');
insert into comment (comment_id, member_id, article_id, content, created_at, modified_at) values (382, 9, 43, 'Nam dui. Proin leo odio, porttitor id, consequat in, consequat ut, nulla. Sed accumsan felis. Ut at dolor quis odio consequat varius. Integer ac leo. Pellentesque ultrices mattis odio.', '2022-06-30 13:56:15', '2023-04-14 15:07:46');
insert into comment (comment_id, member_id, article_id, content, created_at, modified_at) values (383, 8, 49, 'Morbi non lectus. Aliquam sit amet diam in magna bibendum imperdiet.', '2023-05-05 00:53:43', '2023-02-02 18:44:43');
insert into comment (comment_id, member_id, article_id, content, created_at, modified_at) values (384, 4, 59, 'Phasellus id sapien in sapien iaculis congue. Vivamus metus arcu, adipiscing molestie, hendrerit at, vulputate vitae, nisl. Aenean lectus. Pellentesque eget nunc. Donec quis orci eget orci vehicula condimentum. Curabitur in libero ut massa volutpat convallis. Morbi odio odio, elementum eu, interdum eu, tincidunt in, leo. Maecenas pulvinar lobortis est.', '2022-08-17 14:29:01', '2022-10-12 04:53:00');
insert into comment (comment_id, member_id, article_id, content, created_at, modified_at) values (385, 1, 4, 'Sed accumsan felis.', '2022-09-13 17:08:35', '2023-05-02 06:54:56');
insert into comment (comment_id, member_id, article_id, content, created_at, modified_at) values (386, 8, 92, 'Praesent id massa id nisl venenatis lacinia. Aenean sit amet justo. Morbi ut odio. Cras mi pede, malesuada in, imperdiet et, commodo vulputate, justo. In blandit ultrices enim. Lorem ipsum dolor sit amet, consectetuer adipiscing elit. Proin interdum mauris non ligula pellentesque ultrices.', '2022-10-24 05:52:27', '2022-07-28 12:57:42');
insert into comment (comment_id, member_id, article_id, content, created_at, modified_at) values (387, 4, 87, 'Praesent blandit. Nam nulla. Integer pede justo, lacinia eget, tincidunt eget, tempus vel, pede. Morbi porttitor lorem id ligula. Suspendisse ornare consequat lectus. In est risus, auctor sed, tristique in, tempus sit amet, sem. Fusce consequat. Nulla nisl. Nunc nisl.', '2022-12-25 08:12:05', '2023-02-12 19:35:13');
insert into comment (comment_id, member_id, article_id, content, created_at, modified_at) values (388, 3, 70, 'Sed accumsan felis. Ut at dolor quis odio consequat varius. Integer ac leo. Pellentesque ultrices mattis odio. Donec vitae nisi. Nam ultrices, libero non mattis pulvinar, nulla pede ullamcorper augue, a suscipit nulla elit ac nulla. Sed vel enim sit amet nunc viverra dapibus. Nulla suscipit ligula in lacus.', '2022-12-10 23:56:08', '2022-10-27 23:53:34');
insert into comment (comment_id, member_id, article_id, content, created_at, modified_at) values (389, 9, 74, 'Morbi odio odio, elementum eu, interdum eu, tincidunt in, leo. Maecenas pulvinar lobortis est.', '2022-10-26 08:00:50', '2022-10-31 20:55:16');
insert into comment (comment_id, member_id, article_id, content, created_at, modified_at) values (390, 7, 58, 'Praesent lectus. Vestibulum quam sapien, varius ut, blandit non, interdum in, ante. Vestibulum ante ipsum primis in faucibus orci luctus et ultrices posuere cubilia Curae; Duis faucibus accumsan odio. Curabitur convallis. Duis consequat dui nec nisi volutpat eleifend. Donec ut dolor. Morbi vel lectus in quam fringilla rhoncus. Mauris enim leo, rhoncus sed, vestibulum sit amet, cursus id, turpis. Integer aliquet, massa id lobortis convallis, tortor risus dapibus augue, vel accumsan tellus nisi eu orci.', '2022-06-07 19:48:58', '2023-02-24 17:57:52');
insert into comment (comment_id, member_id, article_id, content, created_at, modified_at) values (391, 1, 71, 'Morbi porttitor lorem id ligula. Suspendisse ornare consequat lectus. In est risus, auctor sed, tristique in, tempus sit amet, sem. Fusce consequat. Nulla nisl. Nunc nisl. Duis bibendum, felis sed interdum venenatis, turpis enim blandit mi, in porttitor pede justo eu massa. Donec dapibus. Duis at velit eu est congue elementum.', '2022-10-17 06:25:38', '2023-03-24 09:26:14');
insert into comment (comment_id, member_id, article_id, content, created_at, modified_at) values (392, 2, 52, 'In hac habitasse platea dictumst. Maecenas ut massa quis augue luctus tincidunt. Nulla mollis molestie lorem.', '2023-01-03 16:44:24', '2023-05-02 07:41:01');
insert into comment (comment_id, member_id, article_id, content, created_at, modified_at) values (393, 9, 52, 'Maecenas leo odio, condimentum id, luctus nec, molestie sed, justo. Pellentesque viverra pede ac diam. Cras pellentesque volutpat dui. Maecenas tristique, est et tempus semper, est quam pharetra magna, ac consequat metus sapien ut nunc. Vestibulum ante ipsum primis in faucibus orci luctus et ultrices posuere cubilia Curae; Mauris viverra diam vitae quam. Suspendisse potenti. Nullam porttitor lacus at turpis. Donec posuere metus vitae ipsum. Aliquam non mauris.', '2022-11-17 21:21:31', '2022-10-20 18:23:18');
insert into comment (comment_id, member_id, article_id, content, created_at, modified_at) values (394, 9, 100, 'Aliquam erat volutpat. In congue.', '2023-01-28 17:40:58', '2022-07-11 05:22:23');
insert into comment (comment_id, member_id, article_id, content, created_at, modified_at) values (395, 2, 41, 'Sed ante. Vivamus tortor.', '2023-04-08 23:46:58', '2023-03-24 01:24:05');
insert into comment (comment_id, member_id, article_id, content, created_at, modified_at) values (396, 10, 32, 'Vivamus vestibulum sagittis sapien. Cum sociis natoque penatibus et magnis dis parturient montes, nascetur ridiculus mus. Etiam vel augue. Vestibulum rutrum rutrum neque. Aenean auctor gravida sem. Praesent id massa id nisl venenatis lacinia. Aenean sit amet justo. Morbi ut odio. Cras mi pede, malesuada in, imperdiet et, commodo vulputate, justo.', '2022-09-01 01:47:09', '2023-03-23 05:09:15');
insert into comment (comment_id, member_id, article_id, content, created_at, modified_at) values (397, 8, 19, 'Morbi sem mauris, laoreet ut, rhoncus aliquet, pulvinar sed, nisl. Nunc rhoncus dui vel sem. Sed sagittis. Nam congue, risus semper porta volutpat, quam pede lobortis ligula, sit amet eleifend pede libero quis orci. Nullam molestie nibh in lectus. Pellentesque at nulla. Suspendisse potenti. Cras in purus eu magna vulputate luctus. Cum sociis natoque penatibus et magnis dis parturient montes, nascetur ridiculus mus.', '2022-09-26 13:49:10', '2023-04-07 08:06:45');
insert into comment (comment_id, member_id, article_id, content, created_at, modified_at) values (398, 5, 16, 'Vestibulum sed magna at nunc commodo placerat. Praesent blandit. Nam nulla. Integer pede justo, lacinia eget, tincidunt eget, tempus vel, pede. Morbi porttitor lorem id ligula. Suspendisse ornare consequat lectus.', '2023-03-17 16:18:42', '2023-01-19 21:58:03');
insert into comment (comment_id, member_id, article_id, content, created_at, modified_at) values (399, 1, 89, 'Vestibulum sed magna at nunc commodo placerat. Praesent blandit. Nam nulla. Integer pede justo, lacinia eget, tincidunt eget, tempus vel, pede. Morbi porttitor lorem id ligula. Suspendisse ornare consequat lectus. In est risus, auctor sed, tristique in, tempus sit amet, sem. Fusce consequat.', '2023-02-13 19:48:47', '2023-03-07 02:54:47');
insert into comment (comment_id, member_id, article_id, content, created_at, modified_at) values (400, 5, 2, 'Lorem ipsum dolor sit amet, consectetuer adipiscing elit. Proin interdum mauris non ligula pellentesque ultrices. Phasellus id sapien in sapien iaculis congue. Vivamus metus arcu, adipiscing molestie, hendrerit at, vulputate vitae, nisl. Aenean lectus. Pellentesque eget nunc. Donec quis orci eget orci vehicula condimentum. Curabitur in libero ut massa volutpat convallis.', '2022-08-01 15:06:59', '2022-12-20 17:42:37');
insert into comment (comment_id, member_id, article_id, content, created_at, modified_at) values (401, 10, 50, 'Morbi non quam nec dui luctus rutrum. Nulla tellus. In sagittis dui vel nisl. Duis ac nibh.', '2022-06-16 08:15:23', '2023-03-30 10:16:27');
insert into comment (comment_id, member_id, article_id, content, created_at, modified_at) values (402, 5, 17, 'Curabitur gravida nisi at nibh. In hac habitasse platea dictumst. Aliquam augue quam, sollicitudin vitae, consectetuer eget, rutrum at, lorem. Integer tincidunt ante vel ipsum. Praesent blandit lacinia erat.', '2022-05-18 13:52:49', '2022-08-04 16:05:26');
insert into comment (comment_id, member_id, article_id, content, created_at, modified_at) values (403, 5, 74, 'In quis justo. Maecenas rhoncus aliquam lacus. Morbi quis tortor id nulla ultrices aliquet. Maecenas leo odio, condimentum id, luctus nec, molestie sed, justo. Pellentesque viverra pede ac diam.', '2023-05-12 04:13:30', '2022-09-07 01:13:25');
insert into comment (comment_id, member_id, article_id, content, created_at, modified_at) values (404, 7, 27, 'Morbi quis tortor id nulla ultrices aliquet.', '2022-11-23 04:26:01', '2022-08-15 13:03:55');
insert into comment (comment_id, member_id, article_id, content, created_at, modified_at) values (405, 3, 79, 'Morbi non lectus. Aliquam sit amet diam in magna bibendum imperdiet. Nullam orci pede, venenatis non, sodales sed, tincidunt eu, felis. Fusce posuere felis sed lacus. Morbi sem mauris, laoreet ut, rhoncus aliquet, pulvinar sed, nisl. Nunc rhoncus dui vel sem. Sed sagittis. Nam congue, risus semper porta volutpat, quam pede lobortis ligula, sit amet eleifend pede libero quis orci. Nullam molestie nibh in lectus. Pellentesque at nulla.', '2022-05-29 02:22:33', '2023-03-15 13:35:02');
insert into comment (comment_id, member_id, article_id, content, created_at, modified_at) values (406, 5, 74, 'Maecenas rhoncus aliquam lacus. Morbi quis tortor id nulla ultrices aliquet. Maecenas leo odio, condimentum id, luctus nec, molestie sed, justo. Pellentesque viverra pede ac diam. Cras pellentesque volutpat dui. Maecenas tristique, est et tempus semper, est quam pharetra magna, ac consequat metus sapien ut nunc. Vestibulum ante ipsum primis in faucibus orci luctus et ultrices posuere cubilia Curae; Mauris viverra diam vitae quam.', '2022-07-22 06:53:20', '2022-05-19 17:14:53');
insert into comment (comment_id, member_id, article_id, content, created_at, modified_at) values (407, 10, 72, 'Duis bibendum. Morbi non quam nec dui luctus rutrum. Nulla tellus. In sagittis dui vel nisl. Duis ac nibh. Fusce lacus purus, aliquet at, feugiat non, pretium quis, lectus. Suspendisse potenti. In eleifend quam a odio. In hac habitasse platea dictumst.', '2023-04-03 14:44:03', '2023-04-29 21:50:49');
insert into comment (comment_id, member_id, article_id, content, created_at, modified_at) values (408, 3, 70, 'Duis aliquam convallis nunc. Proin at turpis a pede posuere nonummy. Integer non velit. Donec diam neque, vestibulum eget, vulputate ut, ultrices vel, augue. Vestibulum ante ipsum primis in faucibus orci luctus et ultrices posuere cubilia Curae; Donec pharetra, magna vestibulum aliquet ultrices, erat tortor sollicitudin mi, sit amet lobortis sapien sapien non mi. Integer ac neque. Duis bibendum. Morbi non quam nec dui luctus rutrum. Nulla tellus. In sagittis dui vel nisl.', '2022-10-12 22:41:56', '2022-07-13 15:56:17');
insert into comment (comment_id, member_id, article_id, content, created_at, modified_at) values (409, 4, 37, 'In hac habitasse platea dictumst. Morbi vestibulum, velit id pretium iaculis, diam erat fermentum justo, nec condimentum neque sapien placerat ante. Nulla justo.', '2022-05-30 18:32:55', '2022-11-02 22:41:18');
insert into comment (comment_id, member_id, article_id, content, created_at, modified_at) values (410, 7, 66, 'Maecenas ut massa quis augue luctus tincidunt. Nulla mollis molestie lorem. Quisque ut erat. Curabitur gravida nisi at nibh. In hac habitasse platea dictumst. Aliquam augue quam, sollicitudin vitae, consectetuer eget, rutrum at, lorem. Integer tincidunt ante vel ipsum. Praesent blandit lacinia erat. Vestibulum sed magna at nunc commodo placerat. Praesent blandit.', '2023-01-22 10:49:24', '2022-09-25 00:49:42');
insert into comment (comment_id, member_id, article_id, content, created_at, modified_at) values (411, 5, 45, 'Integer aliquet, massa id lobortis convallis, tortor risus dapibus augue, vel accumsan tellus nisi eu orci. Mauris lacinia sapien quis libero. Nullam sit amet turpis elementum ligula vehicula consequat.', '2022-12-12 05:46:09', '2023-02-24 13:47:39');
insert into comment (comment_id, member_id, article_id, content, created_at, modified_at) values (412, 5, 27, 'Phasellus sit amet erat.', '2022-08-04 00:42:23', '2022-08-20 04:11:10');
insert into comment (comment_id, member_id, article_id, content, created_at, modified_at) values (413, 3, 54, 'Cras in purus eu magna vulputate luctus. Cum sociis natoque penatibus et magnis dis parturient montes, nascetur ridiculus mus. Vivamus vestibulum sagittis sapien. Cum sociis natoque penatibus et magnis dis parturient montes, nascetur ridiculus mus. Etiam vel augue. Vestibulum rutrum rutrum neque. Aenean auctor gravida sem. Praesent id massa id nisl venenatis lacinia. Aenean sit amet justo.', '2022-05-28 02:39:46', '2023-02-21 10:42:48');
insert into comment (comment_id, member_id, article_id, content, created_at, modified_at) values (414, 9, 36, 'Quisque porta volutpat erat. Quisque erat eros, viverra eget, congue eget, semper rutrum, nulla. Nunc purus. Phasellus in felis. Donec semper sapien a libero. Nam dui. Proin leo odio, porttitor id, consequat in, consequat ut, nulla. Sed accumsan felis. Ut at dolor quis odio consequat varius.', '2022-10-12 01:45:40', '2022-09-07 05:52:59');
insert into comment (comment_id, member_id, article_id, content, created_at, modified_at) values (415, 5, 54, 'Duis bibendum. Morbi non quam nec dui luctus rutrum. Nulla tellus. In sagittis dui vel nisl. Duis ac nibh. Fusce lacus purus, aliquet at, feugiat non, pretium quis, lectus. Suspendisse potenti. In eleifend quam a odio. In hac habitasse platea dictumst. Maecenas ut massa quis augue luctus tincidunt.', '2023-02-02 15:16:50', '2022-07-07 02:10:58');
insert into comment (comment_id, member_id, article_id, content, created_at, modified_at) values (416, 3, 6, 'Sed sagittis. Nam congue, risus semper porta volutpat, quam pede lobortis ligula, sit amet eleifend pede libero quis orci. Nullam molestie nibh in lectus.', '2022-08-14 11:00:33', '2022-06-19 14:40:14');
insert into comment (comment_id, member_id, article_id, content, created_at, modified_at) values (417, 2, 10, 'Morbi porttitor lorem id ligula.', '2022-07-26 01:39:38', '2022-08-30 18:33:04');
insert into comment (comment_id, member_id, article_id, content, created_at, modified_at) values (418, 9, 95, 'Nulla nisl. Nunc nisl. Duis bibendum, felis sed interdum venenatis, turpis enim blandit mi, in porttitor pede justo eu massa. Donec dapibus. Duis at velit eu est congue elementum. In hac habitasse platea dictumst. Morbi vestibulum, velit id pretium iaculis, diam erat fermentum justo, nec condimentum neque sapien placerat ante. Nulla justo. Aliquam quis turpis eget elit sodales scelerisque. Mauris sit amet eros.', '2022-12-16 14:01:50', '2022-12-15 17:49:10');
insert into comment (comment_id, member_id, article_id, content, created_at, modified_at) values (419, 3, 75, 'Suspendisse potenti.', '2022-08-01 01:44:58', '2023-03-21 11:38:15');
insert into comment (comment_id, member_id, article_id, content, created_at, modified_at) values (420, 3, 55, 'Nulla tellus. In sagittis dui vel nisl. Duis ac nibh. Fusce lacus purus, aliquet at, feugiat non, pretium quis, lectus. Suspendisse potenti. In eleifend quam a odio. In hac habitasse platea dictumst. Maecenas ut massa quis augue luctus tincidunt.', '2023-05-07 02:52:55', '2022-09-11 15:01:47');
insert into comment (comment_id, member_id, article_id, content, created_at, modified_at) values (421, 7, 31, 'Maecenas rhoncus aliquam lacus. Morbi quis tortor id nulla ultrices aliquet. Maecenas leo odio, condimentum id, luctus nec, molestie sed, justo. Pellentesque viverra pede ac diam.', '2022-05-27 17:22:49', '2022-11-08 14:22:17');
insert into comment (comment_id, member_id, article_id, content, created_at, modified_at) values (422, 3, 50, 'Maecenas ut massa quis augue luctus tincidunt. Nulla mollis molestie lorem. Quisque ut erat. Curabitur gravida nisi at nibh. In hac habitasse platea dictumst. Aliquam augue quam, sollicitudin vitae, consectetuer eget, rutrum at, lorem. Integer tincidunt ante vel ipsum. Praesent blandit lacinia erat.', '2022-06-16 06:42:11', '2022-11-21 13:57:13');
insert into comment (comment_id, member_id, article_id, content, created_at, modified_at) values (423, 6, 6, 'Phasellus sit amet erat.', '2023-02-07 01:45:51', '2023-01-15 19:59:34');
insert into comment (comment_id, member_id, article_id, content, created_at, modified_at) values (424, 10, 13, 'In eleifend quam a odio. In hac habitasse platea dictumst. Maecenas ut massa quis augue luctus tincidunt. Nulla mollis molestie lorem.', '2022-08-11 02:48:22', '2023-05-07 03:13:26');
insert into comment (comment_id, member_id, article_id, content, created_at, modified_at) values (425, 2, 28, 'Duis at velit eu est congue elementum. In hac habitasse platea dictumst. Morbi vestibulum, velit id pretium iaculis, diam erat fermentum justo, nec condimentum neque sapien placerat ante. Nulla justo.', '2022-07-15 20:52:12', '2023-02-21 03:04:23');
insert into comment (comment_id, member_id, article_id, content, created_at, modified_at) values (426, 5, 32, 'Morbi porttitor lorem id ligula.', '2023-04-25 12:51:18', '2023-01-08 03:57:56');
insert into comment (comment_id, member_id, article_id, content, created_at, modified_at) values (427, 5, 90, 'Duis consequat dui nec nisi volutpat eleifend. Donec ut dolor. Morbi vel lectus in quam fringilla rhoncus. Mauris enim leo, rhoncus sed, vestibulum sit amet, cursus id, turpis. Integer aliquet, massa id lobortis convallis, tortor risus dapibus augue, vel accumsan tellus nisi eu orci. Mauris lacinia sapien quis libero.', '2023-03-14 14:52:21', '2023-01-13 18:20:39');
insert into comment (comment_id, member_id, article_id, content, created_at, modified_at) values (428, 5, 37, 'Lorem ipsum dolor sit amet, consectetuer adipiscing elit. Proin risus.', '2022-09-11 16:01:06', '2022-07-25 23:45:04');
insert into comment (comment_id, member_id, article_id, content, created_at, modified_at) values (429, 2, 86, 'Proin eu mi. Nulla ac enim. In tempor, turpis nec euismod scelerisque, quam turpis adipiscing lorem, vitae mattis nibh ligula nec sem. Duis aliquam convallis nunc. Proin at turpis a pede posuere nonummy.', '2022-12-28 20:36:06', '2022-07-15 14:13:18');
insert into comment (comment_id, member_id, article_id, content, created_at, modified_at) values (430, 7, 61, 'In blandit ultrices enim. Lorem ipsum dolor sit amet, consectetuer adipiscing elit. Proin interdum mauris non ligula pellentesque ultrices. Phasellus id sapien in sapien iaculis congue.', '2023-02-15 22:31:26', '2023-03-26 20:54:25');
insert into comment (comment_id, member_id, article_id, content, created_at, modified_at) values (431, 1, 79, 'Mauris sit amet eros. Suspendisse accumsan tortor quis turpis. Sed ante. Vivamus tortor. Duis mattis egestas metus. Aenean fermentum.', '2022-11-12 05:54:31', '2023-04-19 21:57:26');
insert into comment (comment_id, member_id, article_id, content, created_at, modified_at) values (432, 10, 15, 'Donec odio justo, sollicitudin ut, suscipit a, feugiat et, eros. Vestibulum ac est lacinia nisi venenatis tristique. Fusce congue, diam id ornare imperdiet, sapien urna pretium nisl, ut volutpat sapien arcu sed augue. Aliquam erat volutpat. In congue. Etiam justo. Etiam pretium iaculis justo. In hac habitasse platea dictumst.', '2023-05-09 05:19:21', '2023-01-24 12:06:31');
insert into comment (comment_id, member_id, article_id, content, created_at, modified_at) values (433, 8, 92, 'Maecenas tincidunt lacus at velit. Vivamus vel nulla eget eros elementum pellentesque. Quisque porta volutpat erat. Quisque erat eros, viverra eget, congue eget, semper rutrum, nulla. Nunc purus. Phasellus in felis. Donec semper sapien a libero. Nam dui. Proin leo odio, porttitor id, consequat in, consequat ut, nulla. Sed accumsan felis.', '2022-11-29 07:05:05', '2023-04-07 18:04:28');
insert into comment (comment_id, member_id, article_id, content, created_at, modified_at) values (434, 1, 76, 'Curabitur in libero ut massa volutpat convallis. Morbi odio odio, elementum eu, interdum eu, tincidunt in, leo. Maecenas pulvinar lobortis est. Phasellus sit amet erat. Nulla tempus. Vivamus in felis eu sapien cursus vestibulum. Proin eu mi.', '2022-09-29 00:08:18', '2022-11-09 15:06:45');
insert into comment (comment_id, member_id, article_id, content, created_at, modified_at) values (435, 10, 25, 'Duis bibendum. Morbi non quam nec dui luctus rutrum. Nulla tellus. In sagittis dui vel nisl. Duis ac nibh. Fusce lacus purus, aliquet at, feugiat non, pretium quis, lectus.', '2022-11-28 06:35:59', '2022-10-11 15:33:04');
insert into comment (comment_id, member_id, article_id, content, created_at, modified_at) values (436, 10, 53, 'Vivamus vel nulla eget eros elementum pellentesque. Quisque porta volutpat erat. Quisque erat eros, viverra eget, congue eget, semper rutrum, nulla. Nunc purus. Phasellus in felis. Donec semper sapien a libero. Nam dui. Proin leo odio, porttitor id, consequat in, consequat ut, nulla. Sed accumsan felis.', '2022-12-04 03:20:22', '2022-09-14 23:20:06');
insert into comment (comment_id, member_id, article_id, content, created_at, modified_at) values (437, 9, 4, 'Ut tellus. Nulla ut erat id mauris vulputate elementum. Nullam varius. Nulla facilisi. Cras non velit nec nisi vulputate nonummy. Maecenas tincidunt lacus at velit. Vivamus vel nulla eget eros elementum pellentesque. Quisque porta volutpat erat. Quisque erat eros, viverra eget, congue eget, semper rutrum, nulla. Nunc purus.', '2022-10-30 14:43:44', '2022-10-12 21:19:27');
insert into comment (comment_id, member_id, article_id, content, created_at, modified_at) values (438, 3, 78, 'In eleifend quam a odio. In hac habitasse platea dictumst. Maecenas ut massa quis augue luctus tincidunt. Nulla mollis molestie lorem. Quisque ut erat. Curabitur gravida nisi at nibh. In hac habitasse platea dictumst. Aliquam augue quam, sollicitudin vitae, consectetuer eget, rutrum at, lorem. Integer tincidunt ante vel ipsum.', '2022-07-27 19:35:27', '2023-04-13 00:24:09');
insert into comment (comment_id, member_id, article_id, content, created_at, modified_at) values (439, 6, 43, 'Ut tellus. Nulla ut erat id mauris vulputate elementum. Nullam varius. Nulla facilisi.', '2022-10-11 05:43:44', '2022-08-17 21:19:20');
insert into comment (comment_id, member_id, article_id, content, created_at, modified_at) values (440, 10, 63, 'Ut tellus. Nulla ut erat id mauris vulputate elementum. Nullam varius.', '2023-02-02 04:53:23', '2023-02-16 00:05:12');
insert into comment (comment_id, member_id, article_id, content, created_at, modified_at) values (441, 8, 88, 'Donec ut mauris eget massa tempor convallis. Nulla neque libero, convallis eget, eleifend luctus, ultricies eu, nibh. Quisque id justo sit amet sapien dignissim vestibulum. Vestibulum ante ipsum primis in faucibus orci luctus et ultrices posuere cubilia Curae; Nulla dapibus dolor vel est. Donec odio justo, sollicitudin ut, suscipit a, feugiat et, eros. Vestibulum ac est lacinia nisi venenatis tristique. Fusce congue, diam id ornare imperdiet, sapien urna pretium nisl, ut volutpat sapien arcu sed augue. Aliquam erat volutpat. In congue. Etiam justo.', '2023-02-18 20:04:31', '2022-10-15 02:57:26');
insert into comment (comment_id, member_id, article_id, content, created_at, modified_at) values (442, 6, 67, 'Lorem ipsum dolor sit amet, consectetuer adipiscing elit. Proin interdum mauris non ligula pellentesque ultrices. Phasellus id sapien in sapien iaculis congue. Vivamus metus arcu, adipiscing molestie, hendrerit at, vulputate vitae, nisl. Aenean lectus. Pellentesque eget nunc. Donec quis orci eget orci vehicula condimentum. Curabitur in libero ut massa volutpat convallis.', '2023-02-17 22:11:59', '2022-07-08 01:27:39');
insert into comment (comment_id, member_id, article_id, content, created_at, modified_at) values (443, 10, 15, 'Aliquam sit amet diam in magna bibendum imperdiet. Nullam orci pede, venenatis non, sodales sed, tincidunt eu, felis. Fusce posuere felis sed lacus. Morbi sem mauris, laoreet ut, rhoncus aliquet, pulvinar sed, nisl. Nunc rhoncus dui vel sem.', '2023-05-06 14:03:05', '2022-09-28 13:07:08');
insert into comment (comment_id, member_id, article_id, content, created_at, modified_at) values (444, 10, 20, 'Proin risus. Praesent lectus. Vestibulum quam sapien, varius ut, blandit non, interdum in, ante.', '2022-06-21 00:40:15', '2023-01-06 00:28:09');
insert into comment (comment_id, member_id, article_id, content, created_at, modified_at) values (445, 4, 21, 'Aliquam sit amet diam in magna bibendum imperdiet. Nullam orci pede, venenatis non, sodales sed, tincidunt eu, felis. Fusce posuere felis sed lacus. Morbi sem mauris, laoreet ut, rhoncus aliquet, pulvinar sed, nisl. Nunc rhoncus dui vel sem.', '2022-09-29 00:07:43', '2023-03-08 05:55:14');
insert into comment (comment_id, member_id, article_id, content, created_at, modified_at) values (446, 10, 73, 'Lorem ipsum dolor sit amet, consectetuer adipiscing elit. Proin interdum mauris non ligula pellentesque ultrices. Phasellus id sapien in sapien iaculis congue. Vivamus metus arcu, adipiscing molestie, hendrerit at, vulputate vitae, nisl. Aenean lectus.', '2023-03-28 16:49:54', '2023-05-03 21:46:26');
insert into comment (comment_id, member_id, article_id, content, created_at, modified_at) values (447, 1, 2, 'Integer tincidunt ante vel ipsum. Praesent blandit lacinia erat. Vestibulum sed magna at nunc commodo placerat. Praesent blandit. Nam nulla. Integer pede justo, lacinia eget, tincidunt eget, tempus vel, pede. Morbi porttitor lorem id ligula. Suspendisse ornare consequat lectus. In est risus, auctor sed, tristique in, tempus sit amet, sem. Fusce consequat.', '2022-11-11 02:31:23', '2022-06-23 12:17:58');
insert into comment (comment_id, member_id, article_id, content, created_at, modified_at) values (448, 10, 74, 'Nulla neque libero, convallis eget, eleifend luctus, ultricies eu, nibh. Quisque id justo sit amet sapien dignissim vestibulum. Vestibulum ante ipsum primis in faucibus orci luctus et ultrices posuere cubilia Curae; Nulla dapibus dolor vel est. Donec odio justo, sollicitudin ut, suscipit a, feugiat et, eros. Vestibulum ac est lacinia nisi venenatis tristique.', '2022-12-11 07:50:43', '2022-07-18 13:45:52');
insert into comment (comment_id, member_id, article_id, content, created_at, modified_at) values (449, 9, 66, 'Cras non velit nec nisi vulputate nonummy. Maecenas tincidunt lacus at velit. Vivamus vel nulla eget eros elementum pellentesque. Quisque porta volutpat erat.', '2022-10-03 03:41:32', '2022-07-19 21:02:19');
insert into comment (comment_id, member_id, article_id, content, created_at, modified_at) values (450, 1, 87, 'Curabitur gravida nisi at nibh. In hac habitasse platea dictumst. Aliquam augue quam, sollicitudin vitae, consectetuer eget, rutrum at, lorem. Integer tincidunt ante vel ipsum.', '2022-08-06 22:58:17', '2022-06-22 11:22:25');
insert into comment (comment_id, member_id, article_id, content, created_at, modified_at) values (451, 10, 12, 'Etiam vel augue. Vestibulum rutrum rutrum neque. Aenean auctor gravida sem.', '2023-02-10 09:58:55', '2023-02-21 09:15:43');
insert into comment (comment_id, member_id, article_id, content, created_at, modified_at) values (452, 6, 76, 'Cras pellentesque volutpat dui. Maecenas tristique, est et tempus semper, est quam pharetra magna, ac consequat metus sapien ut nunc. Vestibulum ante ipsum primis in faucibus orci luctus et ultrices posuere cubilia Curae; Mauris viverra diam vitae quam. Suspendisse potenti. Nullam porttitor lacus at turpis. Donec posuere metus vitae ipsum. Aliquam non mauris. Morbi non lectus.', '2022-09-02 23:59:50', '2022-06-19 22:45:19');
insert into comment (comment_id, member_id, article_id, content, created_at, modified_at) values (453, 5, 53, 'Vestibulum sed magna at nunc commodo placerat.', '2022-08-20 11:39:56', '2022-11-02 12:15:51');
insert into comment (comment_id, member_id, article_id, content, created_at, modified_at) values (454, 3, 26, 'Morbi non quam nec dui luctus rutrum. Nulla tellus. In sagittis dui vel nisl. Duis ac nibh. Fusce lacus purus, aliquet at, feugiat non, pretium quis, lectus. Suspendisse potenti.', '2022-06-21 18:38:23', '2023-02-23 12:19:09');
insert into comment (comment_id, member_id, article_id, content, created_at, modified_at) values (455, 2, 11, 'Quisque ut erat. Curabitur gravida nisi at nibh. In hac habitasse platea dictumst.', '2022-08-08 01:38:45', '2022-09-24 04:01:28');
insert into comment (comment_id, member_id, article_id, content, created_at, modified_at) values (456, 3, 62, 'Donec ut mauris eget massa tempor convallis. Nulla neque libero, convallis eget, eleifend luctus, ultricies eu, nibh. Quisque id justo sit amet sapien dignissim vestibulum.', '2022-10-14 20:25:16', '2023-01-07 23:08:23');
insert into comment (comment_id, member_id, article_id, content, created_at, modified_at) values (457, 5, 20, 'Vestibulum sed magna at nunc commodo placerat. Praesent blandit. Nam nulla.', '2022-07-03 15:12:26', '2022-11-06 22:00:33');
insert into comment (comment_id, member_id, article_id, content, created_at, modified_at) values (458, 10, 74, 'Integer tincidunt ante vel ipsum. Praesent blandit lacinia erat. Vestibulum sed magna at nunc commodo placerat. Praesent blandit. Nam nulla. Integer pede justo, lacinia eget, tincidunt eget, tempus vel, pede. Morbi porttitor lorem id ligula.', '2022-12-26 06:14:27', '2022-06-01 21:54:13');
insert into comment (comment_id, member_id, article_id, content, created_at, modified_at) values (459, 8, 42, 'Morbi ut odio. Cras mi pede, malesuada in, imperdiet et, commodo vulputate, justo. In blandit ultrices enim. Lorem ipsum dolor sit amet, consectetuer adipiscing elit. Proin interdum mauris non ligula pellentesque ultrices. Phasellus id sapien in sapien iaculis congue. Vivamus metus arcu, adipiscing molestie, hendrerit at, vulputate vitae, nisl.', '2022-07-27 01:37:29', '2022-07-02 12:42:13');
insert into comment (comment_id, member_id, article_id, content, created_at, modified_at) values (460, 2, 8, 'Integer a nibh. In quis justo.', '2023-05-11 06:57:30', '2022-06-09 07:02:36');
insert into comment (comment_id, member_id, article_id, content, created_at, modified_at) values (461, 2, 67, 'Nam nulla. Integer pede justo, lacinia eget, tincidunt eget, tempus vel, pede. Morbi porttitor lorem id ligula. Suspendisse ornare consequat lectus. In est risus, auctor sed, tristique in, tempus sit amet, sem.', '2022-10-16 05:26:39', '2023-01-06 17:51:30');
insert into comment (comment_id, member_id, article_id, content, created_at, modified_at) values (462, 5, 32, 'Aenean auctor gravida sem. Praesent id massa id nisl venenatis lacinia. Aenean sit amet justo. Morbi ut odio. Cras mi pede, malesuada in, imperdiet et, commodo vulputate, justo. In blandit ultrices enim. Lorem ipsum dolor sit amet, consectetuer adipiscing elit.', '2022-07-16 12:49:05', '2022-07-20 11:37:27');
insert into comment (comment_id, member_id, article_id, content, created_at, modified_at) values (463, 8, 41, 'Vivamus vel nulla eget eros elementum pellentesque.', '2022-09-30 20:27:55', '2022-08-10 02:28:14');
insert into comment (comment_id, member_id, article_id, content, created_at, modified_at) values (464, 9, 28, 'Donec ut mauris eget massa tempor convallis. Nulla neque libero, convallis eget, eleifend luctus, ultricies eu, nibh. Quisque id justo sit amet sapien dignissim vestibulum. Vestibulum ante ipsum primis in faucibus orci luctus et ultrices posuere cubilia Curae; Nulla dapibus dolor vel est.', '2023-02-16 08:41:39', '2023-04-03 20:28:12');
insert into comment (comment_id, member_id, article_id, content, created_at, modified_at) values (465, 10, 32, 'Lorem ipsum dolor sit amet, consectetuer adipiscing elit. Proin risus. Praesent lectus. Vestibulum quam sapien, varius ut, blandit non, interdum in, ante. Vestibulum ante ipsum primis in faucibus orci luctus et ultrices posuere cubilia Curae; Duis faucibus accumsan odio. Curabitur convallis. Duis consequat dui nec nisi volutpat eleifend. Donec ut dolor.', '2022-08-24 11:18:42', '2022-11-12 16:13:58');
insert into comment (comment_id, member_id, article_id, content, created_at, modified_at) values (466, 1, 2, 'In sagittis dui vel nisl. Duis ac nibh. Fusce lacus purus, aliquet at, feugiat non, pretium quis, lectus. Suspendisse potenti. In eleifend quam a odio. In hac habitasse platea dictumst. Maecenas ut massa quis augue luctus tincidunt. Nulla mollis molestie lorem. Quisque ut erat.', '2022-05-15 06:30:41', '2022-08-21 13:26:13');
insert into comment (comment_id, member_id, article_id, content, created_at, modified_at) values (467, 6, 39, 'Maecenas leo odio, condimentum id, luctus nec, molestie sed, justo. Pellentesque viverra pede ac diam. Cras pellentesque volutpat dui. Maecenas tristique, est et tempus semper, est quam pharetra magna, ac consequat metus sapien ut nunc. Vestibulum ante ipsum primis in faucibus orci luctus et ultrices posuere cubilia Curae; Mauris viverra diam vitae quam. Suspendisse potenti. Nullam porttitor lacus at turpis.', '2023-02-27 03:48:33', '2022-09-04 06:37:09');
insert into comment (comment_id, member_id, article_id, content, created_at, modified_at) values (468, 6, 75, 'Nullam sit amet turpis elementum ligula vehicula consequat. Morbi a ipsum. Integer a nibh. In quis justo. Maecenas rhoncus aliquam lacus. Morbi quis tortor id nulla ultrices aliquet. Maecenas leo odio, condimentum id, luctus nec, molestie sed, justo.', '2022-11-09 14:23:37', '2023-03-27 01:21:54');
insert into comment (comment_id, member_id, article_id, content, created_at, modified_at) values (469, 6, 28, 'In hac habitasse platea dictumst.', '2023-04-03 21:12:16', '2023-03-28 06:41:36');
insert into comment (comment_id, member_id, article_id, content, created_at, modified_at) values (470, 9, 87, 'Suspendisse potenti. In eleifend quam a odio. In hac habitasse platea dictumst.', '2022-06-05 11:48:10', '2022-12-21 15:03:11');
insert into comment (comment_id, member_id, article_id, content, created_at, modified_at) values (471, 9, 47, 'Maecenas pulvinar lobortis est. Phasellus sit amet erat.', '2023-02-27 02:18:34', '2023-02-19 19:06:59');
insert into comment (comment_id, member_id, article_id, content, created_at, modified_at) values (472, 6, 10, 'Morbi sem mauris, laoreet ut, rhoncus aliquet, pulvinar sed, nisl.', '2022-06-15 14:41:17', '2022-12-05 11:26:44');
insert into comment (comment_id, member_id, article_id, content, created_at, modified_at) values (473, 5, 74, 'Duis bibendum, felis sed interdum venenatis, turpis enim blandit mi, in porttitor pede justo eu massa. Donec dapibus. Duis at velit eu est congue elementum. In hac habitasse platea dictumst. Morbi vestibulum, velit id pretium iaculis, diam erat fermentum justo, nec condimentum neque sapien placerat ante. Nulla justo. Aliquam quis turpis eget elit sodales scelerisque. Mauris sit amet eros.', '2023-04-12 08:23:12', '2023-03-27 12:44:30');
insert into comment (comment_id, member_id, article_id, content, created_at, modified_at) values (474, 8, 31, 'Duis consequat dui nec nisi volutpat eleifend.', '2023-05-07 21:49:18', '2022-05-29 13:33:19');
insert into comment (comment_id, member_id, article_id, content, created_at, modified_at) values (475, 5, 86, 'Nam nulla. Integer pede justo, lacinia eget, tincidunt eget, tempus vel, pede. Morbi porttitor lorem id ligula. Suspendisse ornare consequat lectus. In est risus, auctor sed, tristique in, tempus sit amet, sem. Fusce consequat. Nulla nisl. Nunc nisl. Duis bibendum, felis sed interdum venenatis, turpis enim blandit mi, in porttitor pede justo eu massa. Donec dapibus.', '2022-09-17 07:46:19', '2022-09-29 01:47:52');
insert into comment (comment_id, member_id, article_id, content, created_at, modified_at) values (476, 7, 31, 'Aliquam non mauris.', '2022-10-22 19:48:06', '2023-03-19 16:10:35');
insert into comment (comment_id, member_id, article_id, content, created_at, modified_at) values (477, 9, 78, 'Suspendisse accumsan tortor quis turpis. Sed ante. Vivamus tortor. Duis mattis egestas metus. Aenean fermentum. Donec ut mauris eget massa tempor convallis. Nulla neque libero, convallis eget, eleifend luctus, ultricies eu, nibh. Quisque id justo sit amet sapien dignissim vestibulum. Vestibulum ante ipsum primis in faucibus orci luctus et ultrices posuere cubilia Curae; Nulla dapibus dolor vel est.', '2022-11-21 13:25:26', '2022-10-23 15:01:56');
insert into comment (comment_id, member_id, article_id, content, created_at, modified_at) values (478, 9, 45, 'Cum sociis natoque penatibus et magnis dis parturient montes, nascetur ridiculus mus. Vivamus vestibulum sagittis sapien. Cum sociis natoque penatibus et magnis dis parturient montes, nascetur ridiculus mus. Etiam vel augue. Vestibulum rutrum rutrum neque. Aenean auctor gravida sem. Praesent id massa id nisl venenatis lacinia. Aenean sit amet justo.', '2022-12-21 09:19:46', '2023-03-07 15:08:30');
insert into comment (comment_id, member_id, article_id, content, created_at, modified_at) values (479, 4, 13, 'Nunc nisl. Duis bibendum, felis sed interdum venenatis, turpis enim blandit mi, in porttitor pede justo eu massa. Donec dapibus.', '2023-03-06 06:10:32', '2022-08-04 05:32:57');
insert into comment (comment_id, member_id, article_id, content, created_at, modified_at) values (480, 9, 75, 'Morbi odio odio, elementum eu, interdum eu, tincidunt in, leo. Maecenas pulvinar lobortis est. Phasellus sit amet erat. Nulla tempus. Vivamus in felis eu sapien cursus vestibulum. Proin eu mi. Nulla ac enim.', '2023-02-07 16:10:45', '2023-01-22 03:47:51');
insert into comment (comment_id, member_id, article_id, content, created_at, modified_at) values (481, 4, 30, 'Quisque erat eros, viverra eget, congue eget, semper rutrum, nulla. Nunc purus. Phasellus in felis. Donec semper sapien a libero. Nam dui. Proin leo odio, porttitor id, consequat in, consequat ut, nulla. Sed accumsan felis.', '2022-09-11 02:36:38', '2022-06-04 21:56:53');
insert into comment (comment_id, member_id, article_id, content, created_at, modified_at) values (482, 1, 46, 'In hac habitasse platea dictumst. Maecenas ut massa quis augue luctus tincidunt.', '2023-02-21 19:08:15', '2022-08-19 17:54:41');
insert into comment (comment_id, member_id, article_id, content, created_at, modified_at) values (483, 5, 50, 'Vestibulum ante ipsum primis in faucibus orci luctus et ultrices posuere cubilia Curae; Duis faucibus accumsan odio. Curabitur convallis. Duis consequat dui nec nisi volutpat eleifend. Donec ut dolor.', '2022-11-07 01:52:44', '2022-11-08 15:48:55');
insert into comment (comment_id, member_id, article_id, content, created_at, modified_at) values (484, 3, 65, 'Aliquam sit amet diam in magna bibendum imperdiet. Nullam orci pede, venenatis non, sodales sed, tincidunt eu, felis. Fusce posuere felis sed lacus.', '2022-07-09 15:21:08', '2023-05-12 19:18:34');
insert into comment (comment_id, member_id, article_id, content, created_at, modified_at) values (485, 2, 5, 'Fusce congue, diam id ornare imperdiet, sapien urna pretium nisl, ut volutpat sapien arcu sed augue.', '2022-07-30 00:03:56', '2023-05-02 17:50:03');
insert into comment (comment_id, member_id, article_id, content, created_at, modified_at) values (486, 4, 39, 'Vestibulum ac est lacinia nisi venenatis tristique. Fusce congue, diam id ornare imperdiet, sapien urna pretium nisl, ut volutpat sapien arcu sed augue. Aliquam erat volutpat. In congue. Etiam justo. Etiam pretium iaculis justo. In hac habitasse platea dictumst. Etiam faucibus cursus urna.', '2022-06-29 00:30:58', '2022-10-22 14:46:34');
insert into comment (comment_id, member_id, article_id, content, created_at, modified_at) values (487, 3, 31, 'Vivamus vestibulum sagittis sapien. Cum sociis natoque penatibus et magnis dis parturient montes, nascetur ridiculus mus. Etiam vel augue. Vestibulum rutrum rutrum neque. Aenean auctor gravida sem. Praesent id massa id nisl venenatis lacinia. Aenean sit amet justo.', '2023-01-22 16:13:18', '2023-04-15 05:18:43');
insert into comment (comment_id, member_id, article_id, content, created_at, modified_at) values (488, 9, 32, 'Duis consequat dui nec nisi volutpat eleifend.', '2023-01-08 07:20:03', '2022-09-20 16:47:03');
insert into comment (comment_id, member_id, article_id, content, created_at, modified_at) values (489, 5, 53, 'Donec posuere metus vitae ipsum. Aliquam non mauris. Morbi non lectus.', '2022-05-24 12:42:35', '2023-03-21 16:06:40');
insert into comment (comment_id, member_id, article_id, content, created_at, modified_at) values (490, 6, 84, 'Vestibulum ac est lacinia nisi venenatis tristique. Fusce congue, diam id ornare imperdiet, sapien urna pretium nisl, ut volutpat sapien arcu sed augue. Aliquam erat volutpat. In congue. Etiam justo. Etiam pretium iaculis justo. In hac habitasse platea dictumst. Etiam faucibus cursus urna. Ut tellus.', '2022-06-14 11:07:15', '2023-01-15 17:27:14');
insert into comment (comment_id, member_id, article_id, content, created_at, modified_at) values (491, 6, 37, 'Integer aliquet, massa id lobortis convallis, tortor risus dapibus augue, vel accumsan tellus nisi eu orci. Mauris lacinia sapien quis libero. Nullam sit amet turpis elementum ligula vehicula consequat. Morbi a ipsum. Integer a nibh. In quis justo. Maecenas rhoncus aliquam lacus. Morbi quis tortor id nulla ultrices aliquet. Maecenas leo odio, condimentum id, luctus nec, molestie sed, justo.', '2022-10-14 19:13:27', '2022-09-25 14:57:24');
insert into comment (comment_id, member_id, article_id, content, created_at, modified_at) values (492, 3, 66, 'Vivamus vel nulla eget eros elementum pellentesque. Quisque porta volutpat erat. Quisque erat eros, viverra eget, congue eget, semper rutrum, nulla. Nunc purus.', '2023-01-24 23:36:04', '2022-10-12 09:37:53');
insert into comment (comment_id, member_id, article_id, content, created_at, modified_at) values (493, 10, 59, 'In blandit ultrices enim. Lorem ipsum dolor sit amet, consectetuer adipiscing elit.', '2023-04-04 23:16:00', '2022-11-11 18:05:53');
insert into comment (comment_id, member_id, article_id, content, created_at, modified_at) values (494, 7, 91, 'Pellentesque eget nunc.', '2022-12-17 21:51:42', '2023-03-17 03:21:26');
insert into comment (comment_id, member_id, article_id, content, created_at, modified_at) values (495, 10, 21, 'In quis justo. Maecenas rhoncus aliquam lacus. Morbi quis tortor id nulla ultrices aliquet. Maecenas leo odio, condimentum id, luctus nec, molestie sed, justo. Pellentesque viverra pede ac diam. Cras pellentesque volutpat dui. Maecenas tristique, est et tempus semper, est quam pharetra magna, ac consequat metus sapien ut nunc. Vestibulum ante ipsum primis in faucibus orci luctus et ultrices posuere cubilia Curae; Mauris viverra diam vitae quam. Suspendisse potenti. Nullam porttitor lacus at turpis.', '2023-01-06 19:31:59', '2023-02-24 15:34:47');
insert into comment (comment_id, member_id, article_id, content, created_at, modified_at) values (496, 3, 70, 'In hac habitasse platea dictumst. Maecenas ut massa quis augue luctus tincidunt. Nulla mollis molestie lorem. Quisque ut erat. Curabitur gravida nisi at nibh.', '2023-04-02 05:51:03', '2023-03-19 21:11:37');
insert into comment (comment_id, member_id, article_id, content, created_at, modified_at) values (497, 1, 91, 'Cras mi pede, malesuada in, imperdiet et, commodo vulputate, justo. In blandit ultrices enim. Lorem ipsum dolor sit amet, consectetuer adipiscing elit. Proin interdum mauris non ligula pellentesque ultrices. Phasellus id sapien in sapien iaculis congue. Vivamus metus arcu, adipiscing molestie, hendrerit at, vulputate vitae, nisl. Aenean lectus. Pellentesque eget nunc. Donec quis orci eget orci vehicula condimentum. Curabitur in libero ut massa volutpat convallis.', '2022-12-20 18:46:27', '2023-01-03 11:08:47');
insert into comment (comment_id, member_id, article_id, content, created_at, modified_at) values (498, 2, 94, 'Vivamus tortor. Duis mattis egestas metus. Aenean fermentum. Donec ut mauris eget massa tempor convallis. Nulla neque libero, convallis eget, eleifend luctus, ultricies eu, nibh. Quisque id justo sit amet sapien dignissim vestibulum. Vestibulum ante ipsum primis in faucibus orci luctus et ultrices posuere cubilia Curae; Nulla dapibus dolor vel est. Donec odio justo, sollicitudin ut, suscipit a, feugiat et, eros.', '2022-05-31 06:41:45', '2023-03-22 23:08:11');
insert into comment (comment_id, member_id, article_id, content, created_at, modified_at) values (499, 6, 80, 'Curabitur in libero ut massa volutpat convallis. Morbi odio odio, elementum eu, interdum eu, tincidunt in, leo. Maecenas pulvinar lobortis est. Phasellus sit amet erat. Nulla tempus. Vivamus in felis eu sapien cursus vestibulum. Proin eu mi.', '2022-09-10 15:26:09', '2022-10-10 00:02:56');
insert into comment (comment_id, member_id, article_id, content, created_at, modified_at) values (500, 2, 29, 'Vestibulum ante ipsum primis in faucibus orci luctus et ultrices posuere cubilia Curae; Nulla dapibus dolor vel est. Donec odio justo, sollicitudin ut, suscipit a, feugiat et, eros. Vestibulum ac est lacinia nisi venenatis tristique. Fusce congue, diam id ornare imperdiet, sapien urna pretium nisl, ut volutpat sapien arcu sed augue.', '2022-12-14 06:03:35', '2023-03-24 20:06:05');


-- subscribe
/*insert into subscribe (subscribe_id, member_id, board_id, created_at, modified_at) values (1, 3, 24, '2022-11-29 01:06:37', '2022-07-22 00:29:17');
insert into subscribe (subscribe_id, member_id, board_id, created_at, modified_at) values (2, 5, 37, '2023-05-04 18:05:41', '2022-12-19 01:30:48');
insert into subscribe (subscribe_id, member_id, board_id, created_at, modified_at) values (3, 3, 13, '2022-06-05 17:10:52', '2023-03-08 07:41:57');
insert into subscribe (subscribe_id, member_id, board_id, created_at, modified_at) values (4, 8, 12, '2022-11-18 17:02:30', '2022-05-31 19:52:25');
insert into subscribe (subscribe_id, member_id, board_id, created_at, modified_at) values (5, 1, 20, '2022-07-04 12:24:02', '2022-06-16 16:54:29');
insert into subscribe (subscribe_id, member_id, board_id, created_at, modified_at) values (6, 4, 50, '2022-12-25 04:45:52', '2023-04-09 16:51:53');
insert into subscribe (subscribe_id, member_id, board_id, created_at, modified_at) values (7, 8, 27, '2023-03-30 18:36:32', '2022-09-05 10:43:36');
insert into subscribe (subscribe_id, member_id, board_id, created_at, modified_at) values (8, 9, 1, '2022-08-21 20:13:53', '2022-10-08 19:25:08');
insert into subscribe (subscribe_id, member_id, board_id, created_at, modified_at) values (9, 1, 22, '2022-11-28 19:37:31', '2023-03-27 15:44:35');
insert into subscribe (subscribe_id, member_id, board_id, created_at, modified_at) values (10, 4, 2, '2022-11-12 12:11:02', '2022-08-18 22:54:18');
insert into subscribe (subscribe_id, member_id, board_id, created_at, modified_at) values (11, 7, 27, '2023-04-18 10:14:13', '2022-08-10 07:24:24');
insert into subscribe (subscribe_id, member_id, board_id, created_at, modified_at) values (12, 8, 21, '2022-06-19 11:50:26', '2023-04-19 11:40:19');
insert into subscribe (subscribe_id, member_id, board_id, created_at, modified_at) values (13, 5, 28, '2023-04-27 04:48:51', '2022-10-03 19:54:33');
insert into subscribe (subscribe_id, member_id, board_id, created_at, modified_at) values (14, 2, 32, '2022-05-24 04:20:16', '2022-06-05 13:22:42');
insert into subscribe (subscribe_id, member_id, board_id, created_at, modified_at) values (15, 7, 1, '2022-11-02 01:22:34', '2023-02-09 18:27:40');
insert into subscribe (subscribe_id, member_id, board_id, created_at, modified_at) values (16, 1, 41, '2022-07-23 07:32:51', '2023-04-29 08:51:40');
insert into subscribe (subscribe_id, member_id, board_id, created_at, modified_at) values (17, 1, 12, '2022-11-27 19:35:47', '2023-01-24 23:56:14');
insert into subscribe (subscribe_id, member_id, board_id, created_at, modified_at) values (18, 2, 35, '2022-06-15 18:30:37', '2022-06-08 07:27:56');
insert into subscribe (subscribe_id, member_id, board_id, created_at, modified_at) values (19, 4, 34, '2022-11-19 14:46:39', '2022-06-04 22:08:50');
insert into subscribe (subscribe_id, member_id, board_id, created_at, modified_at) values (20, 1, 11, '2022-12-29 00:33:52', '2023-03-02 07:55:19');
insert into subscribe (subscribe_id, member_id, board_id, created_at, modified_at) values (21, 5, 27, '2022-09-26 17:41:04', '2022-05-18 07:18:29');
insert into subscribe (subscribe_id, member_id, board_id, created_at, modified_at) values (22, 4, 26, '2022-08-17 18:50:40', '2022-11-11 03:06:08');
insert into subscribe (subscribe_id, member_id, board_id, created_at, modified_at) values (23, 9, 22, '2022-06-08 11:27:03', '2022-09-09 13:01:24');
insert into subscribe (subscribe_id, member_id, board_id, created_at, modified_at) values (24, 7, 35, '2022-05-17 16:20:06', '2022-07-19 22:29:55');
insert into subscribe (subscribe_id, member_id, board_id, created_at, modified_at) values (25, 5, 22, '2023-01-12 04:31:03', '2022-11-05 04:37:06');
insert into subscribe (subscribe_id, member_id, board_id, created_at, modified_at) values (26, 3, 10, '2023-04-05 16:14:37', '2023-01-13 18:36:32');
insert into subscribe (subscribe_id, member_id, board_id, created_at, modified_at) values (27, 9, 2, '2023-02-15 16:49:15', '2022-05-25 00:35:02');
insert into subscribe (subscribe_id, member_id, board_id, created_at, modified_at) values (28, 4, 34, '2022-10-04 14:04:02', '2023-01-17 09:14:00');
insert into subscribe (subscribe_id, member_id, board_id, created_at, modified_at) values (29, 10, 37, '2022-05-26 23:19:00', '2022-10-29 19:10:50');
insert into subscribe (subscribe_id, member_id, board_id, created_at, modified_at) values (30, 8, 1, '2023-02-27 02:53:41', '2023-01-29 21:11:31');
insert into subscribe (subscribe_id, member_id, board_id, created_at, modified_at) values (31, 10, 12, '2023-04-12 09:55:38', '2022-11-10 20:26:19');
insert into subscribe (subscribe_id, member_id, board_id, created_at, modified_at) values (32, 10, 46, '2023-02-06 05:41:09', '2022-12-26 11:46:02');
insert into subscribe (subscribe_id, member_id, board_id, created_at, modified_at) values (33, 6, 27, '2022-10-15 04:02:31', '2023-03-25 05:42:14');
insert into subscribe (subscribe_id, member_id, board_id, created_at, modified_at) values (34, 7, 6, '2022-12-29 01:28:49', '2022-11-30 02:47:09');
insert into subscribe (subscribe_id, member_id, board_id, created_at, modified_at) values (35, 7, 34, '2022-09-05 03:25:19', '2022-10-22 09:22:43');
insert into subscribe (subscribe_id, member_id, board_id, created_at, modified_at) values (36, 10, 42, '2022-08-12 17:09:02', '2022-11-10 22:40:54');
insert into subscribe (subscribe_id, member_id, board_id, created_at, modified_at) values (37, 3, 4, '2022-08-10 18:46:04', '2022-12-24 04:40:43');
insert into subscribe (subscribe_id, member_id, board_id, created_at, modified_at) values (38, 5, 20, '2023-01-23 04:04:54', '2023-04-24 02:04:14');
insert into subscribe (subscribe_id, member_id, board_id, created_at, modified_at) values (39, 7, 6, '2022-11-08 10:45:56', '2022-11-24 02:46:07');
insert into subscribe (subscribe_id, member_id, board_id, created_at, modified_at) values (40, 2, 44, '2022-06-13 03:08:31', '2023-03-26 06:37:07');
insert into subscribe (subscribe_id, member_id, board_id, created_at, modified_at) values (41, 10, 24, '2023-03-21 17:46:58', '2022-09-14 21:04:51');
insert into subscribe (subscribe_id, member_id, board_id, created_at, modified_at) values (42, 1, 3, '2023-05-01 22:56:27', '2022-12-21 08:52:24');
insert into subscribe (subscribe_id, member_id, board_id, created_at, modified_at) values (43, 9, 18, '2023-01-27 16:41:34', '2022-08-26 21:04:18');
insert into subscribe (subscribe_id, member_id, board_id, created_at, modified_at) values (44, 5, 24, '2023-01-15 19:12:17', '2022-12-30 19:55:13');
insert into subscribe (subscribe_id, member_id, board_id, created_at, modified_at) values (45, 1, 48, '2023-01-11 04:06:05', '2023-01-09 13:50:12');
insert into subscribe (subscribe_id, member_id, board_id, created_at, modified_at) values (46, 4, 4, '2023-01-03 23:59:13', '2022-11-19 20:13:17');
insert into subscribe (subscribe_id, member_id, board_id, created_at, modified_at) values (47, 1, 27, '2023-04-06 23:24:31', '2023-03-14 13:14:52');
insert into subscribe (subscribe_id, member_id, board_id, created_at, modified_at) values (48, 10, 3, '2022-11-01 16:44:22', '2022-08-20 05:45:32');
insert into subscribe (subscribe_id, member_id, board_id, created_at, modified_at) values (49, 7, 14, '2023-01-09 10:37:43', '2023-05-01 03:39:51');
insert into subscribe (subscribe_id, member_id, board_id, created_at, modified_at) values (50, 3, 30, '2022-11-30 22:28:42', '2022-06-26 13:16:47');


-- article_like
insert into article_like (like_id, member_id, article_id, created_at, modified_at) values (1, 10, 37, '2022-11-13 08:50:06', '2023-03-06 13:14:13');
insert into article_like (like_id, member_id, article_id, created_at, modified_at) values (2, 8, 42, '2023-01-22 16:41:52', '2022-07-19 05:22:15');
insert into article_like (like_id, member_id, article_id, created_at, modified_at) values (3, 7, 9, '2022-07-09 18:49:35', '2022-11-18 04:15:51');
insert into article_like (like_id, member_id, article_id, created_at, modified_at) values (4, 4, 23, '2023-01-04 13:18:48', '2023-05-03 09:20:58');
insert into article_like (like_id, member_id, article_id, created_at, modified_at) values (5, 10, 56, '2023-05-11 19:50:50', '2022-07-23 23:25:57');
insert into article_like (like_id, member_id, article_id, created_at, modified_at) values (6, 8, 86, '2022-08-29 21:38:49', '2023-01-01 13:03:13');
insert into article_like (like_id, member_id, article_id, created_at, modified_at) values (7, 10, 44, '2022-08-14 06:14:02', '2022-06-23 12:02:46');
insert into article_like (like_id, member_id, article_id, created_at, modified_at) values (8, 10, 6, '2022-07-03 05:23:16', '2022-08-10 10:26:14');
insert into article_like (like_id, member_id, article_id, created_at, modified_at) values (9, 2, 82, '2022-09-03 20:27:16', '2022-06-11 08:32:36');
insert into article_like (like_id, member_id, article_id, created_at, modified_at) values (10, 10, 71, '2022-06-08 21:27:14', '2022-06-24 22:31:32');
insert into article_like (like_id, member_id, article_id, created_at, modified_at) values (11, 9, 45, '2023-01-06 18:02:46', '2022-09-15 11:28:52');
insert into article_like (like_id, member_id, article_id, created_at, modified_at) values (12, 3, 90, '2023-01-25 10:28:36', '2022-08-05 03:25:23');
insert into article_like (like_id, member_id, article_id, created_at, modified_at) values (13, 2, 22, '2022-06-03 02:56:17', '2022-09-09 08:25:02');
insert into article_like (like_id, member_id, article_id, created_at, modified_at) values (14, 4, 69, '2022-07-12 21:47:23', '2022-06-18 18:03:20');
insert into article_like (like_id, member_id, article_id, created_at, modified_at) values (15, 4, 52, '2022-08-22 16:31:48', '2022-09-30 05:03:17');
insert into article_like (like_id, member_id, article_id, created_at, modified_at) values (16, 10, 91, '2022-06-21 09:42:40', '2022-06-16 22:09:22');
insert into article_like (like_id, member_id, article_id, created_at, modified_at) values (17, 8, 37, '2022-06-03 07:57:01', '2022-10-25 00:50:45');
insert into article_like (like_id, member_id, article_id, created_at, modified_at) values (18, 8, 49, '2023-04-02 15:45:51', '2023-03-09 02:45:14');
insert into article_like (like_id, member_id, article_id, created_at, modified_at) values (19, 6, 25, '2023-02-02 23:55:31', '2022-09-12 04:12:36');
insert into article_like (like_id, member_id, article_id, created_at, modified_at) values (20, 6, 79, '2023-05-07 00:27:29', '2022-11-28 03:56:26');
insert into article_like (like_id, member_id, article_id, created_at, modified_at) values (21, 1, 34, '2022-08-05 18:48:13', '2023-03-09 04:01:01');
insert into article_like (like_id, member_id, article_id, created_at, modified_at) values (22, 2, 10, '2022-06-30 12:48:50', '2022-07-03 07:39:08');
insert into article_like (like_id, member_id, article_id, created_at, modified_at) values (23, 4, 79, '2022-12-14 14:20:17', '2022-06-08 02:09:44');
insert into article_like (like_id, member_id, article_id, created_at, modified_at) values (24, 3, 97, '2023-03-22 17:33:08', '2022-06-07 17:27:46');
insert into article_like (like_id, member_id, article_id, created_at, modified_at) values (25, 2, 89, '2023-03-11 21:03:15', '2023-05-10 18:14:05');
insert into article_like (like_id, member_id, article_id, created_at, modified_at) values (26, 5, 71, '2023-02-08 09:26:06', '2022-08-15 16:04:14');
insert into article_like (like_id, member_id, article_id, created_at, modified_at) values (27, 8, 91, '2022-06-14 01:06:39', '2022-09-30 13:00:15');
insert into article_like (like_id, member_id, article_id, created_at, modified_at) values (28, 5, 48, '2022-09-21 02:52:26', '2022-08-24 13:11:55');
insert into article_like (like_id, member_id, article_id, created_at, modified_at) values (29, 4, 26, '2022-07-26 18:47:37', '2022-08-15 03:22:04');
insert into article_like (like_id, member_id, article_id, created_at, modified_at) values (30, 5, 34, '2023-04-25 23:27:17', '2023-04-04 03:51:24');
insert into article_like (like_id, member_id, article_id, created_at, modified_at) values (31, 4, 13, '2022-07-22 20:29:41', '2023-03-29 18:31:00');
insert into article_like (like_id, member_id, article_id, created_at, modified_at) values (32, 2, 67, '2023-01-29 18:33:22', '2023-01-31 10:18:48');
insert into article_like (like_id, member_id, article_id, created_at, modified_at) values (33, 2, 62, '2022-06-16 09:45:27', '2023-05-06 15:38:19');
insert into article_like (like_id, member_id, article_id, created_at, modified_at) values (34, 6, 44, '2022-08-16 12:27:13', '2022-11-03 07:31:22');
insert into article_like (like_id, member_id, article_id, created_at, modified_at) values (35, 3, 85, '2023-05-12 17:49:26', '2022-07-25 15:37:29');
insert into article_like (like_id, member_id, article_id, created_at, modified_at) values (36, 5, 54, '2022-07-07 05:12:26', '2022-10-23 19:17:37');
insert into article_like (like_id, member_id, article_id, created_at, modified_at) values (37, 2, 60, '2022-08-22 01:45:02', '2022-06-27 06:12:06');
insert into article_like (like_id, member_id, article_id, created_at, modified_at) values (38, 7, 39, '2023-05-08 23:26:25', '2022-10-29 15:05:32');
insert into article_like (like_id, member_id, article_id, created_at, modified_at) values (39, 1, 41, '2022-10-07 06:35:50', '2023-02-27 08:45:20');
insert into article_like (like_id, member_id, article_id, created_at, modified_at) values (40, 6, 13, '2022-07-29 06:18:35', '2022-08-19 16:52:30');
insert into article_like (like_id, member_id, article_id, created_at, modified_at) values (41, 3, 85, '2022-10-27 21:50:28', '2022-08-28 17:03:43');
insert into article_like (like_id, member_id, article_id, created_at, modified_at) values (42, 9, 18, '2022-08-28 15:47:48', '2022-10-24 19:22:29');
insert into article_like (like_id, member_id, article_id, created_at, modified_at) values (43, 9, 14, '2023-02-21 12:57:12', '2022-11-16 00:43:46');
insert into article_like (like_id, member_id, article_id, created_at, modified_at) values (44, 3, 22, '2022-10-10 19:26:25', '2022-07-14 11:01:45');
insert into article_like (like_id, member_id, article_id, created_at, modified_at) values (45, 4, 29, '2023-01-06 05:58:09', '2022-06-19 06:53:09');
insert into article_like (like_id, member_id, article_id, created_at, modified_at) values (46, 2, 38, '2023-03-09 09:25:08', '2022-05-28 09:10:43');
insert into article_like (like_id, member_id, article_id, created_at, modified_at) values (47, 7, 38, '2023-04-22 03:28:06', '2022-09-26 00:18:40');
insert into article_like (like_id, member_id, article_id, created_at, modified_at) values (48, 9, 57, '2023-05-13 21:35:05', '2022-11-23 19:19:16');
insert into article_like (like_id, member_id, article_id, created_at, modified_at) values (49, 2, 54, '2022-10-25 08:06:57', '2022-10-16 12:22:19');
insert into article_like (like_id, member_id, article_id, created_at, modified_at) values (50, 8, 42, '2023-02-20 10:38:24', '2022-07-20 13:44:41');
insert into article_like (like_id, member_id, article_id, created_at, modified_at) values (51, 4, 92, '2022-05-21 06:55:12', '2022-09-11 15:22:14');
insert into article_like (like_id, member_id, article_id, created_at, modified_at) values (52, 7, 30, '2022-12-24 23:12:59', '2022-10-15 08:01:15');
insert into article_like (like_id, member_id, article_id, created_at, modified_at) values (53, 3, 77, '2022-12-29 20:56:32', '2023-05-09 20:03:46');
insert into article_like (like_id, member_id, article_id, created_at, modified_at) values (54, 8, 58, '2022-10-06 08:55:39', '2023-02-13 23:37:38');
insert into article_like (like_id, member_id, article_id, created_at, modified_at) values (55, 6, 58, '2022-10-16 14:07:35', '2022-10-09 18:16:15');
insert into article_like (like_id, member_id, article_id, created_at, modified_at) values (56, 7, 7, '2023-04-20 05:33:34', '2023-01-05 10:17:26');
insert into article_like (like_id, member_id, article_id, created_at, modified_at) values (57, 10, 31, '2023-03-04 01:07:28', '2023-01-19 23:15:34');
insert into article_like (like_id, member_id, article_id, created_at, modified_at) values (58, 1, 35, '2022-12-14 14:39:44', '2023-05-12 21:25:27');
insert into article_like (like_id, member_id, article_id, created_at, modified_at) values (59, 3, 57, '2022-12-22 04:59:09', '2022-09-11 10:00:17');
insert into article_like (like_id, member_id, article_id, created_at, modified_at) values (60, 3, 53, '2022-06-25 19:34:38', '2023-05-04 17:24:33');
insert into article_like (like_id, member_id, article_id, created_at, modified_at) values (61, 4, 93, '2023-04-27 08:40:19', '2022-12-26 20:01:41');
insert into article_like (like_id, member_id, article_id, created_at, modified_at) values (62, 3, 36, '2022-06-09 02:18:31', '2022-08-24 17:28:20');
insert into article_like (like_id, member_id, article_id, created_at, modified_at) values (63, 10, 83, '2023-04-14 19:33:59', '2022-07-09 19:34:04');
insert into article_like (like_id, member_id, article_id, created_at, modified_at) values (64, 7, 69, '2022-10-04 23:25:29', '2023-02-10 04:37:39');
insert into article_like (like_id, member_id, article_id, created_at, modified_at) values (65, 9, 50, '2022-09-17 09:06:32', '2022-11-12 21:06:58');
insert into article_like (like_id, member_id, article_id, created_at, modified_at) values (66, 4, 6, '2022-09-14 14:00:06', '2022-11-20 02:59:12');
insert into article_like (like_id, member_id, article_id, created_at, modified_at) values (67, 1, 40, '2022-06-21 16:40:47', '2022-12-02 15:07:27');
insert into article_like (like_id, member_id, article_id, created_at, modified_at) values (68, 3, 97, '2022-09-18 14:43:52', '2022-06-12 00:41:48');
insert into article_like (like_id, member_id, article_id, created_at, modified_at) values (69, 8, 52, '2022-09-04 14:25:04', '2022-05-18 15:39:28');
insert into article_like (like_id, member_id, article_id, created_at, modified_at) values (70, 10, 70, '2022-12-20 18:51:15', '2022-08-15 19:56:13');
insert into article_like (like_id, member_id, article_id, created_at, modified_at) values (71, 7, 64, '2022-06-30 13:40:29', '2023-01-22 18:27:10');
insert into article_like (like_id, member_id, article_id, created_at, modified_at) values (72, 1, 28, '2022-08-30 21:47:33', '2022-11-18 00:14:45');
insert into article_like (like_id, member_id, article_id, created_at, modified_at) values (73, 9, 17, '2022-11-11 06:19:46', '2022-07-10 18:49:56');
insert into article_like (like_id, member_id, article_id, created_at, modified_at) values (74, 2, 11, '2023-02-16 06:08:48', '2022-12-20 12:40:18');
insert into article_like (like_id, member_id, article_id, created_at, modified_at) values (75, 6, 91, '2023-04-04 09:20:59', '2022-11-02 21:47:00');
insert into article_like (like_id, member_id, article_id, created_at, modified_at) values (76, 6, 44, '2022-08-31 15:18:18', '2022-07-26 06:51:57');
insert into article_like (like_id, member_id, article_id, created_at, modified_at) values (77, 2, 12, '2022-09-11 08:44:23', '2022-06-11 22:29:23');
insert into article_like (like_id, member_id, article_id, created_at, modified_at) values (78, 3, 77, '2022-07-28 17:18:32', '2023-02-28 09:56:16');
insert into article_like (like_id, member_id, article_id, created_at, modified_at) values (79, 4, 39, '2022-10-12 08:24:38', '2022-10-12 15:34:38');
insert into article_like (like_id, member_id, article_id, created_at, modified_at) values (80, 3, 80, '2022-10-15 15:25:13', '2023-04-19 15:37:21');
insert into article_like (like_id, member_id, article_id, created_at, modified_at) values (81, 1, 63, '2022-06-21 06:20:57', '2023-04-20 00:00:45');
insert into article_like (like_id, member_id, article_id, created_at, modified_at) values (82, 7, 81, '2022-09-06 21:31:59', '2022-10-04 09:09:50');
insert into article_like (like_id, member_id, article_id, created_at, modified_at) values (83, 2, 48, '2022-07-31 18:56:51', '2022-07-26 06:15:36');
insert into article_like (like_id, member_id, article_id, created_at, modified_at) values (84, 10, 71, '2022-07-04 21:36:37', '2022-08-02 18:53:25');
insert into article_like (like_id, member_id, article_id, created_at, modified_at) values (85, 9, 9, '2022-12-16 04:32:35', '2022-10-18 04:37:46');
insert into article_like (like_id, member_id, article_id, created_at, modified_at) values (86, 2, 2, '2023-02-09 14:20:20', '2023-04-01 08:43:36');
insert into article_like (like_id, member_id, article_id, created_at, modified_at) values (87, 5, 92, '2022-06-20 17:39:08', '2023-01-09 00:01:58');
insert into article_like (like_id, member_id, article_id, created_at, modified_at) values (88, 3, 53, '2023-01-30 22:41:06', '2022-06-26 19:48:53');
insert into article_like (like_id, member_id, article_id, created_at, modified_at) values (89, 3, 39, '2023-02-07 17:55:39', '2022-07-13 15:31:40');
insert into article_like (like_id, member_id, article_id, created_at, modified_at) values (90, 2, 1, '2022-07-02 20:59:36', '2023-01-12 17:50:51');
insert into article_like (like_id, member_id, article_id, created_at, modified_at) values (91, 9, 40, '2023-05-04 12:24:39', '2022-11-03 15:51:44');
insert into article_like (like_id, member_id, article_id, created_at, modified_at) values (92, 6, 100, '2022-06-02 15:37:42', '2022-10-24 16:10:21');
insert into article_like (like_id, member_id, article_id, created_at, modified_at) values (93, 6, 37, '2022-11-03 07:17:58', '2023-01-06 08:40:27');
insert into article_like (like_id, member_id, article_id, created_at, modified_at) values (94, 1, 68, '2022-09-17 23:17:03', '2022-08-04 08:40:45');
insert into article_like (like_id, member_id, article_id, created_at, modified_at) values (95, 5, 41, '2023-02-06 13:47:19', '2022-10-10 09:45:10');
insert into article_like (like_id, member_id, article_id, created_at, modified_at) values (96, 7, 74, '2022-12-27 15:56:29', '2022-06-06 12:41:31');
insert into article_like (like_id, member_id, article_id, created_at, modified_at) values (97, 9, 29, '2022-05-24 17:35:50', '2023-02-20 13:04:32');
insert into article_like (like_id, member_id, article_id, created_at, modified_at) values (98, 5, 92, '2022-07-23 09:06:43', '2022-12-24 20:19:09');
insert into article_like (like_id, member_id, article_id, created_at, modified_at) values (99, 3, 56, '2022-09-25 05:17:33', '2023-04-15 09:25:36');
insert into article_like (like_id, member_id, article_id, created_at, modified_at) values (100, 5, 9, '2022-11-29 19:07:58', '2023-02-04 01:16:01');*/
